Id,YearBuilt,YearRemodAdd,BsmtFullBath,BsmtHalfBath,FullBath,HalfBath,BedroomAbvGr,KitchenAbvGr,TotRmsAbvGrd,Fireplaces,GarageYrBlt,GarageCars,MoSold,YrSold
1,2003,2003,1,0,2,1,3,1,8,0,2003,2,2,2008
2,1976,1976,0,1,2,0,3,1,6,1,1976,2,5,2007
3,2001,2002,1,0,2,1,3,1,6,1,2001,2,9,2008
4,1915,1970,1,0,1,0,3,1,7,1,1998,3,2,2006
5,2000,2000,1,0,2,1,4,1,9,1,2000,3,12,2008
6,1993,1995,1,0,1,1,1,1,5,0,1993,2,10,2009
7,2004,2005,1,0,2,0,3,1,7,1,2004,2,8,2007
8,1973,1973,1,0,2,1,3,1,7,2,1973,2,11,2009
9,1931,1950,0,0,2,0,2,2,8,2,1931,2,4,2008
10,1939,1950,1,0,1,0,2,2,5,2,1939,1,1,2008
11,1965,1965,1,0,1,0,3,1,5,0,1965,1,2,2008
12,2005,2006,1,0,3,0,4,1,11,2,2005,3,7,2006
13,1962,1962,1,0,1,0,2,1,4,0,1962,1,9,2008
14,2006,2007,0,0,2,0,3,1,7,1,2006,3,8,2007
15,1960,1960,1,0,1,1,2,1,5,1,1960,1,5,2008
16,1929,2001,0,0,1,0,2,1,5,0,1991,2,7,2007
17,1970,1970,1,0,1,0,2,1,5,1,1970,2,3,2010
18,1967,1967,0,0,2,0,2,2,6,0,1967,2,10,2006
19,2004,2004,1,0,1,1,3,1,6,0,2004,2,6,2008
20,1958,1965,0,0,1,0,3,1,6,0,1958,1,5,2009
21,2005,2006,0,0,3,1,4,1,9,1,2005,3,11,2006
22,1930,1950,0,0,1,0,3,1,6,1,1930,1,6,2007
23,2002,2002,0,0,2,0,3,1,7,1,2002,2,9,2008
24,1976,1976,1,0,1,0,3,1,6,1,1976,2,6,2007
25,1968,2001,1,0,1,0,3,1,6,1,1968,1,5,2010
26,2007,2007,0,0,2,0,3,1,7,1,2007,3,7,2009
27,1951,2000,0,1,1,0,3,1,5,0,2005,2,5,2010
28,2007,2008,1,0,2,0,3,1,7,1,2008,3,5,2010
29,1957,1997,1,0,1,0,2,1,6,2,1957,1,12,2006
30,1927,1950,0,0,1,0,1,1,4,0,1920,1,5,2008
31,1920,1950,0,0,1,0,3,1,6,0,1920,1,7,2008
32,1966,2006,0,0,1,1,3,1,6,0,1966,1,6,2008
33,2007,2007,0,0,2,0,3,1,7,0,2007,2,1,2008
34,1959,1959,0,1,1,1,4,1,6,1,1959,2,4,2010
35,2005,2005,1,0,2,0,2,1,6,1,2005,2,8,2007
36,2004,2005,0,0,3,1,4,1,9,1,2004,3,9,2006
37,1994,1995,0,0,1,1,3,1,6,0,1995,2,6,2009
38,1954,1990,0,1,1,0,3,1,5,1,1954,2,10,2009
39,1953,2007,1,0,1,0,3,1,5,0,1953,1,1,2010
40,1955,1955,0,0,2,0,2,2,6,0,NA,0,6,2008
41,1965,1965,0,0,2,0,3,1,6,1,1965,2,12,2006
42,1959,1959,0,1,1,1,2,1,5,2,1959,1,7,2007
43,1983,1983,1,0,1,0,2,1,5,0,1983,2,12,2007
44,1975,1980,1,0,1,0,3,1,5,0,1977,1,7,2008
45,1959,1959,1,0,1,0,3,1,6,0,1959,1,5,2006
46,2005,2005,1,0,2,0,2,1,6,1,2005,2,2,2010
47,2003,2003,1,0,1,1,1,1,6,1,2003,2,8,2009
48,2006,2006,0,0,2,0,3,1,7,0,2006,3,7,2007
49,1920,2008,0,0,2,0,2,3,8,0,NA,0,6,2009
50,1966,1966,1,0,1,0,3,1,6,0,1966,1,1,2007
51,1997,1997,0,1,2,0,3,1,6,0,1997,2,7,2007
52,1934,1950,0,0,1,0,3,1,6,1,1985,2,9,2006
53,1963,1963,1,0,1,0,2,1,5,0,1963,2,5,2010
54,1981,1987,2,0,0,1,0,1,5,1,1981,3,11,2006
55,1955,1955,0,0,1,0,3,1,6,1,1962,2,2,2007
56,1964,1964,0,0,2,0,3,1,7,1,1964,2,7,2008
57,1999,2000,1,0,2,1,3,1,7,0,1999,2,8,2009
58,2004,2004,0,0,2,1,3,1,7,0,2004,2,8,2006
59,2006,2006,0,0,3,1,3,1,10,1,2006,3,10,2006
60,1972,1972,0,0,1,0,2,1,4,0,1973,1,1,2008
61,2004,2004,1,0,1,1,3,1,5,0,2006,2,5,2006
62,1920,1996,0,0,1,0,3,1,6,0,1935,1,3,2007
63,2006,2006,0,0,2,0,2,1,6,1,2006,2,10,2007
64,1921,1950,0,0,2,0,3,1,9,0,1990,2,4,2010
65,1997,1998,1,0,2,1,3,1,8,0,1998,2,2,2009
66,2004,2005,0,0,2,1,4,1,9,1,2004,3,10,2007
67,1970,1989,1,0,2,0,3,1,7,1,1970,2,7,2010
68,2003,2003,1,0,2,0,3,1,7,0,2003,2,6,2007
69,1945,1950,0,0,1,0,2,1,4,0,1945,1,6,2010
70,1953,1953,0,0,2,0,3,1,7,1,1953,2,7,2006
71,1973,1973,1,0,2,0,3,1,8,2,1973,2,2,2007
72,1982,2006,1,0,1,0,2,1,4,0,1987,2,6,2007
73,1998,1998,0,0,2,1,3,1,7,1,1998,2,12,2009
74,1954,2003,1,0,1,0,3,1,6,0,1989,2,5,2010
75,1915,1950,0,0,2,0,3,2,8,0,1915,1,5,2010
76,1973,1973,1,0,1,0,2,1,5,0,1973,1,11,2009
77,1956,1956,0,0,1,0,2,1,4,0,1956,1,4,2008
78,1948,2001,1,0,1,0,2,1,6,0,1948,1,1,2008
79,1968,1968,0,0,2,0,4,2,8,0,NA,0,4,2010
80,1910,1981,0,0,1,1,2,1,5,0,1966,2,5,2009
81,1968,1968,0,0,2,1,4,1,8,1,1968,1,6,2009
82,1998,1998,1,0,2,0,2,1,5,0,1998,2,3,2006
83,2007,2007,0,0,2,0,3,1,6,1,2007,3,10,2008
84,1960,1960,0,0,1,1,3,1,6,0,1974,2,7,2007
85,1995,1996,0,0,2,1,3,1,7,1,1995,2,5,2009
86,1991,1992,0,0,2,1,4,1,9,1,1991,2,4,2006
87,2005,2005,0,0,2,1,3,1,6,1,2005,2,3,2009
88,2009,2009,0,0,2,1,2,1,4,0,2009,2,6,2009
89,1915,1982,0,0,1,0,2,1,6,0,NA,0,10,2009
90,1994,1995,1,0,1,0,3,1,5,0,NA,0,8,2007
91,1950,1950,0,0,1,0,2,1,4,0,1950,2,7,2006
92,1961,1961,0,0,1,0,2,1,6,0,1961,2,12,2006
93,1921,2006,1,0,1,0,2,1,5,0,1921,2,8,2009
94,1910,1998,0,1,2,0,4,2,9,1,1900,2,11,2007
95,1997,1997,1,0,2,1,3,1,7,0,1997,2,5,2007
96,1993,1993,0,0,2,1,3,1,6,1,1993,2,4,2009
97,1999,1999,0,0,2,0,3,1,6,0,1999,2,8,2006
98,1965,1965,1,0,1,0,3,1,6,0,1965,1,5,2007
99,1920,1950,0,0,1,0,2,1,5,0,1920,1,5,2010
100,1959,1959,1,0,1,1,3,1,6,0,NA,0,1,2010
101,1977,2001,1,0,2,0,3,1,6,2,1977,2,2,2010
102,1985,1985,0,0,2,1,3,1,7,1,1985,2,6,2010
103,1979,1979,0,0,2,0,4,2,8,0,1979,2,6,2009
104,2009,2009,0,0,2,0,3,1,6,0,2009,3,5,2010
105,1931,1950,0,0,1,1,4,1,7,2,1951,1,6,2007
106,2003,2004,0,0,2,1,3,1,9,1,2003,2,8,2008
107,1885,1995,0,0,1,0,2,1,6,0,1954,1,8,2007
108,1948,1950,0,0,1,0,2,1,5,0,1948,1,4,2008
109,1919,2005,0,0,2,0,3,1,7,0,NA,0,8,2007
110,1977,1977,0,0,2,0,3,1,7,1,1977,2,1,2010
111,1954,1972,0,0,2,0,4,1,7,0,1954,1,10,2006
112,2000,2000,0,0,2,1,3,1,7,1,2000,2,4,2010
113,2007,2007,1,0,2,1,4,1,10,1,2007,3,10,2007
114,1953,1953,1,0,2,0,3,1,7,2,1953,2,10,2007
115,1945,2002,1,0,2,1,3,1,9,1,1945,1,7,2007
116,1999,1999,0,0,2,1,2,1,5,1,1999,2,6,2007
117,1962,1962,0,1,1,0,3,1,6,1,1962,1,9,2009
118,2006,2007,0,0,1,1,2,1,5,0,2007,2,4,2007
119,1990,1990,1,0,3,0,5,1,11,2,1990,3,5,2010
120,2005,2006,0,0,2,1,3,1,8,1,2005,2,7,2006
121,1969,1969,1,0,1,0,1,1,4,2,1969,2,10,2006
122,1939,1950,0,0,1,0,3,1,4,0,1979,1,6,2007
123,1958,1958,0,0,1,0,3,1,5,0,1958,1,6,2008
124,1993,1993,0,0,2,0,2,1,5,0,1993,2,3,2008
125,1979,1998,0,0,2,0,3,1,7,1,1979,2,1,2009
126,1935,1982,1,0,1,0,2,1,5,0,NA,0,6,2006
127,1976,1976,0,0,2,0,2,1,5,1,1977,2,2,2007
128,1930,1950,0,0,1,0,3,1,5,1,NA,0,6,2007
129,1966,1966,0,0,1,1,3,1,6,1,1966,2,7,2006
130,1958,1991,0,1,1,1,3,1,6,0,1998,2,7,2006
131,1966,1966,0,0,2,1,4,1,8,2,1966,2,5,2006
132,2000,2000,1,0,2,1,3,1,7,1,2000,2,7,2009
133,1959,2002,1,0,1,0,3,1,7,0,1974,2,7,2007
134,2001,2002,1,0,2,0,2,1,6,0,2001,2,6,2009
135,1968,1993,0,0,2,1,3,1,7,1,1968,2,7,2006
136,1970,1970,0,0,2,0,3,1,7,1,1970,2,5,2008
137,1967,1967,0,0,2,0,3,1,5,1,1967,1,7,2007
138,1988,1989,0,0,3,0,5,2,9,0,1989,3,7,2006
139,1999,2000,0,0,2,1,3,1,7,2,1999,3,12,2008
140,1997,1997,1,0,2,1,3,1,7,0,1997,2,8,2009
141,1971,1971,0,0,1,0,3,1,5,1,NA,0,4,2010
142,2005,2005,1,0,2,0,3,1,7,0,2005,2,1,2006
143,1952,1952,0,0,2,0,4,1,6,0,2000,2,6,2010
144,1999,1999,1,0,2,0,3,1,6,0,1999,2,6,2009
145,1963,1963,1,0,2,0,6,2,10,0,1963,2,11,2006
146,2004,2006,0,0,2,0,3,1,7,0,2004,2,4,2006
147,1931,1993,1,0,1,0,2,1,5,0,1931,1,11,2009
148,2001,2001,0,0,2,1,3,1,8,1,2001,2,5,2010
149,2004,2005,1,0,1,0,3,1,6,0,NA,0,4,2008
150,1936,1950,0,0,1,0,3,1,7,0,1936,1,4,2006
151,1975,1975,0,0,1,1,3,1,5,0,1975,2,1,2007
152,2007,2008,1,0,2,0,2,1,6,1,2007,3,1,2008
153,1971,1971,0,0,2,1,4,1,8,1,1971,2,6,2006
154,1960,1975,1,0,1,0,1,1,4,1,1960,2,3,2008
155,1923,1950,0,0,1,0,4,1,7,0,1923,1,3,2006
156,1924,1950,0,0,1,0,2,1,5,0,NA,0,4,2008
157,1950,1950,0,0,1,0,2,1,5,0,1950,2,6,2006
158,2009,2010,0,0,2,1,4,1,8,1,2009,3,5,2010
159,2004,2005,0,0,2,1,3,1,8,1,2004,2,5,2010
160,2005,2006,1,0,2,1,4,1,9,1,2006,2,3,2006
161,1984,1984,0,0,2,0,3,1,6,0,1984,2,6,2008
162,2003,2004,1,0,2,1,3,1,10,2,2003,3,3,2008
163,2005,2005,0,0,2,0,3,1,7,1,2005,2,5,2010
164,1956,1956,0,0,1,0,1,1,4,0,NA,0,4,2007
165,1926,2004,0,0,2,0,3,1,5,0,1926,1,10,2007
166,1940,1999,1,0,2,0,4,2,6,0,NA,0,9,2008
167,1955,1993,1,0,1,0,2,1,7,3,1955,1,11,2009
168,2007,2007,1,0,1,1,3,1,8,1,2007,3,11,2007
169,2004,2004,0,0,2,1,3,1,7,1,2004,2,5,2007
170,1981,1981,0,0,2,1,2,1,6,1,1981,2,1,2006
171,1941,1950,0,0,1,1,2,1,7,0,1991,2,5,2007
172,1960,1960,1,0,1,0,3,1,7,2,1960,2,5,2010
173,1987,1987,1,0,2,0,2,1,5,1,1987,2,6,2006
174,1961,1961,1,0,1,1,3,1,6,1,1961,2,6,2008
175,1986,1986,1,0,2,0,3,1,7,1,1986,2,11,2008
176,1950,2001,1,0,2,0,4,1,7,1,1950,2,6,2007
177,1988,1989,0,1,2,1,4,1,8,1,1988,2,9,2007
178,1958,1958,1,0,2,0,4,1,8,1,1958,2,7,2006
179,2008,2009,1,0,2,0,1,1,9,1,2009,3,7,2009
180,1923,2006,0,0,1,0,2,1,5,0,1935,2,7,2007
181,2000,2000,0,0,2,1,3,1,5,1,2000,2,6,2007
182,1920,1950,0,0,1,1,4,1,9,1,1920,1,7,2006
183,1957,2006,0,0,1,0,3,1,7,1,1957,1,6,2007
184,2003,2003,0,0,2,1,3,1,6,0,2003,2,6,2008
185,1908,1991,0,0,1,0,3,1,5,0,1986,2,6,2006
186,1892,1993,0,0,2,1,4,1,12,2,1993,3,6,2006
187,1990,1991,1,0,2,0,3,1,6,0,1990,2,6,2009
188,1916,1987,0,0,2,1,3,1,8,0,1916,1,8,2009
189,1979,1979,2,0,0,2,2,2,6,2,1979,2,6,2009
190,2001,2002,1,0,1,1,0,1,5,1,2001,2,8,2008
191,1932,1994,0,0,2,1,3,1,10,2,1932,2,12,2007
192,1972,2004,1,0,1,1,4,1,7,0,1972,2,6,2007
193,1999,1999,1,0,2,0,3,1,6,0,1999,2,9,2009
194,2004,2004,0,0,2,0,3,1,7,0,2004,2,5,2006
195,1972,1972,0,0,1,0,3,1,5,0,1989,1,5,2008
196,1976,1976,0,0,2,1,3,1,7,1,1976,2,7,2009
197,2007,2007,1,0,2,0,3,1,8,1,2007,3,9,2007
198,1918,1990,1,1,2,0,4,1,8,1,1918,2,3,2006
199,1912,1950,0,0,1,0,5,1,8,0,NA,0,7,2009
200,2004,2005,1,0,2,0,3,1,7,1,2004,3,1,2009
201,2003,2004,0,0,2,0,2,1,5,0,2003,2,3,2010
202,1977,1977,0,1,2,0,3,1,6,2,1980,2,2,2008
203,1924,1950,0,0,2,0,2,1,6,0,1924,1,5,2006
204,2004,2004,1,0,1,0,1,1,3,1,2004,2,1,2008
205,1947,1950,0,0,1,1,2,1,5,0,1948,1,4,2009
206,1990,1990,0,0,2,0,3,1,5,0,1990,2,5,2009
207,1962,1962,0,0,1,1,3,1,8,1,1962,1,3,2007
208,1960,1960,1,0,1,0,3,1,6,1,1960,1,4,2008
209,1988,1989,1,0,2,1,3,1,7,1,1988,2,4,2007
210,1964,1964,1,0,1,0,3,1,6,0,1964,2,7,2008
211,1925,1950,1,0,1,0,2,1,5,0,NA,0,4,2008
212,2009,2009,0,0,2,0,3,1,6,0,2009,2,3,2010
213,2009,2009,1,0,2,1,3,1,7,1,2009,2,7,2009
214,1995,1995,0,1,1,0,3,1,5,0,1996,2,7,2006
215,1977,1977,0,0,1,1,3,1,6,0,1977,1,3,2010
216,1957,1996,0,1,1,0,2,1,6,1,1957,1,5,2006
217,2004,2004,1,0,2,0,3,1,8,0,2004,2,4,2008
218,1925,1950,0,0,1,0,3,1,8,0,1940,1,9,2006
219,1939,2006,0,1,1,1,3,1,8,2,1939,2,5,2008
220,2005,2006,0,0,2,0,2,1,5,0,2005,2,3,2006
221,2006,2006,0,0,2,0,2,1,5,0,2006,2,4,2006
222,2002,2002,0,0,2,1,4,1,8,1,2002,2,12,2009
223,1975,1975,1,0,2,1,3,1,6,1,1975,2,2,2006
224,1971,1971,0,0,1,0,2,1,4,0,1989,2,3,2009
225,2003,2003,0,0,2,0,3,1,8,1,2003,3,6,2009
226,1971,1971,0,0,2,1,3,1,6,0,1991,1,5,2009
227,1995,1995,0,0,2,1,4,1,9,1,1995,3,6,2007
228,1970,1970,0,0,1,1,2,1,5,0,1987,1,9,2008
229,1967,1967,0,0,1,0,3,1,5,1,1974,1,5,2010
230,2005,2006,0,0,2,0,2,1,7,1,2005,2,5,2009
231,1959,1959,1,0,1,0,3,1,6,0,1959,1,4,2010
232,1995,1996,1,0,2,1,4,1,9,1,1995,3,7,2009
233,1972,1972,0,0,1,1,2,1,5,1,1972,1,6,2006
234,1976,1976,1,0,1,0,3,1,5,0,1976,1,2,2010
235,2002,2002,1,0,2,1,4,1,8,2,2002,2,5,2010
236,1971,1971,0,0,1,1,2,1,5,0,1971,1,8,2008
237,2004,2004,0,0,2,0,3,1,6,0,2004,2,5,2010
238,1993,2003,0,0,2,1,3,1,7,0,1993,2,2,2010
239,2007,2007,0,0,2,0,3,1,7,0,2007,3,12,2007
240,1945,1950,0,0,1,1,3,1,7,1,1949,1,4,2010
241,2008,2008,1,0,2,0,3,1,7,0,2008,2,4,2010
242,1945,1997,0,0,1,0,2,1,4,0,NA,0,8,2007
243,1900,1950,0,0,1,0,3,1,6,0,1940,1,4,2006
244,1980,1980,0,0,1,1,3,1,6,1,1980,1,4,2009
245,1994,2002,1,0,2,1,3,1,8,2,1994,2,5,2010
246,1988,1988,0,1,2,0,3,1,6,1,1988,2,6,2006
247,1910,1950,0,0,2,0,4,2,9,0,1910,1,4,2006
248,1954,1954,0,0,1,0,2,1,5,1,1954,2,6,2006
249,2003,2003,0,0,2,1,3,1,8,0,2003,2,9,2007
250,1958,2006,0,1,2,0,4,1,7,2,1958,2,6,2007
251,1940,1966,0,0,1,0,3,1,6,0,NA,0,5,2010
252,2006,2007,1,1,2,0,2,1,5,1,2006,2,12,2007
253,2004,2004,0,0,2,1,3,1,6,0,2004,2,12,2008
254,1964,1991,0,1,2,0,3,1,7,0,1964,1,10,2007
255,1957,1957,1,0,1,0,3,1,5,0,1957,1,6,2010
256,1999,1999,0,0,2,1,4,1,8,1,1999,2,2,2006
257,2003,2003,0,0,2,1,3,1,7,0,2003,2,5,2008
258,2006,2006,1,0,2,1,3,1,8,1,2006,2,3,2009
259,2001,2001,0,0,2,1,3,1,7,1,2001,2,5,2008
260,1956,1956,0,0,1,0,2,1,4,0,1956,1,12,2008
261,1962,1962,1,0,1,0,3,1,6,1,1991,2,5,2009
262,2007,2007,0,0,2,1,3,1,10,1,2007,3,11,2007
263,1977,1995,1,0,1,0,3,1,6,1,1978,2,7,2006
264,1929,2001,1,0,1,0,3,1,6,0,1974,2,4,2010
265,1925,2004,0,0,1,0,2,1,4,0,1965,2,6,2008
266,1981,1981,0,0,2,0,3,1,7,1,1981,2,6,2008
267,1997,1997,1,0,2,1,3,1,8,1,1997,2,6,2006
268,1939,1997,0,0,2,1,4,1,8,1,1939,1,7,2008
269,1940,1955,0,0,1,0,2,1,4,1,1966,1,2,2008
270,1976,1976,1,0,1,1,3,1,6,1,1987,1,5,2007
271,2006,2006,0,0,2,1,3,1,8,1,2006,3,8,2006
272,1954,2005,1,0,1,0,2,1,5,2,1954,2,4,2008
273,1999,2007,0,0,2,1,4,1,9,1,1999,3,4,2010
274,1958,1988,1,0,2,0,3,1,6,1,1958,1,4,2009
275,1982,1982,0,0,1,0,2,1,5,0,1982,1,6,2007
276,1925,2007,0,0,2,1,3,1,5,0,1978,2,10,2009
277,2003,2003,0,0,2,0,3,1,7,0,2003,2,4,2010
278,1951,1951,0,0,1,0,2,1,4,0,1951,2,6,2010
279,2006,2007,0,0,2,1,3,1,8,1,2007,3,5,2007
280,1977,1977,0,0,2,1,4,1,8,1,1977,2,3,2008
281,1989,1989,0,0,2,1,3,1,7,1,1989,2,1,2007
282,2006,2006,0,0,2,0,2,1,5,0,2006,2,5,2006
283,2007,2008,1,0,2,0,2,1,6,1,2008,2,4,2009
284,2008,2009,0,0,2,0,3,1,6,1,2008,3,12,2009
285,1992,1992,1,0,2,0,2,1,5,0,1992,2,7,2007
286,2006,2007,0,0,2,1,2,1,5,0,2006,2,6,2007
287,1962,1981,0,0,1,1,3,1,7,1,1962,2,6,2006
288,1971,1971,0,0,1,0,3,1,5,0,NA,0,6,2006
289,1967,1967,0,0,1,0,3,1,5,0,1970,1,2,2010
290,1915,2003,0,0,1,0,3,1,7,0,2003,1,7,2007
291,2006,2006,0,0,2,1,3,1,8,1,2006,2,7,2006
292,1912,2000,1,0,2,0,6,1,9,0,NA,0,3,2008
293,1949,2008,0,0,1,1,3,1,8,1,1949,1,1,2009
294,1977,1994,1,0,2,1,3,1,9,1,1977,2,3,2006
295,1953,1953,1,0,1,0,3,1,7,2,1953,2,10,2009
296,1984,1984,1,0,1,0,3,1,6,0,1984,2,3,2006
297,1950,1950,0,0,1,1,4,1,6,0,1950,1,6,2007
298,1997,1998,0,0,2,1,3,1,7,1,1997,2,6,2007
299,1968,1968,0,1,1,2,3,1,7,1,1968,2,6,2007
300,1950,2004,0,1,1,0,3,1,6,1,1950,1,8,2009
301,1953,1953,1,0,1,0,2,1,5,2,1953,1,6,2006
302,1998,1999,0,0,2,1,4,1,9,1,1998,2,5,2007
303,2001,2002,0,0,2,0,3,1,6,1,2001,3,1,2006
304,1972,1972,1,0,1,0,3,1,5,0,1975,2,7,2006
305,1880,2002,0,0,3,0,3,1,10,1,2003,3,5,2008
306,2004,2005,1,0,2,0,3,1,8,0,2004,3,7,2007
307,1990,1991,1,0,2,1,4,1,8,1,1990,3,6,2007
308,1920,1950,0,0,1,0,3,1,6,0,NA,0,3,2008
309,1940,1950,0,0,1,0,1,1,4,0,1961,2,3,2009
310,2003,2004,1,0,2,0,3,1,8,3,2003,3,11,2006
311,1993,1994,0,0,2,1,3,1,6,1,1993,2,5,2006
312,1948,2002,1,0,1,0,2,1,5,1,1948,1,5,2009
313,1939,1950,1,0,1,0,3,1,5,1,1939,2,5,2006
314,1965,1965,2,0,2,0,3,1,8,2,1965,2,6,2009
315,1925,1990,0,1,1,1,3,1,6,1,1925,2,8,2006
316,2004,2005,1,0,2,1,3,1,6,1,2004,2,7,2009
317,1980,1980,1,0,2,1,4,1,10,1,1983,2,8,2009
318,2006,2006,0,0,2,1,3,1,8,1,2006,3,12,2007
319,1993,1993,1,0,2,1,4,1,9,1,1993,3,4,2009
320,1980,1980,1,0,2,0,3,1,6,2,1980,2,6,2009
321,2006,2006,0,0,3,1,4,1,9,0,2006,3,9,2006
322,2004,2004,1,0,2,1,4,1,10,1,2004,3,6,2007
323,1986,1987,1,0,2,1,4,1,8,1,1987,2,8,2007
324,1955,2005,1,0,1,0,3,1,6,0,1955,1,7,2006
325,1967,2007,0,0,2,1,5,1,11,1,1961,2,6,2010
326,1941,1950,0,0,1,0,2,1,5,0,1941,2,12,2007
327,1993,1993,2,0,1,1,1,1,6,2,1993,2,5,2008
328,1960,1960,0,0,1,1,3,1,7,0,1960,1,4,2006
329,1916,1994,0,0,2,0,5,1,10,0,1930,2,7,2009
330,1920,1950,0,0,1,0,3,1,6,0,1920,1,7,2009
331,1964,1964,0,1,2,0,6,2,10,0,2002,1,11,2007
332,1958,1992,1,0,1,0,3,1,6,0,1958,1,8,2007
333,2003,2004,1,0,2,0,3,1,7,1,2003,3,10,2009
334,2004,2004,1,0,2,0,2,1,6,1,2004,2,7,2008
335,1998,1998,1,0,2,1,3,1,7,2,1998,2,7,2008
336,1965,1965,2,0,2,0,3,1,7,2,1965,2,8,2008
337,2005,2006,1,0,2,0,3,1,8,1,2005,3,7,2007
338,2002,2003,1,0,2,0,3,1,7,0,2002,2,12,2008
339,1984,1998,1,0,2,0,3,1,8,0,1984,2,5,2006
340,1958,1998,0,0,1,0,3,1,6,0,1958,1,6,2009
341,2002,2002,0,0,2,1,4,1,9,0,2002,2,4,2010
342,1950,1950,0,0,1,0,2,1,4,0,1950,1,9,2009
343,1949,1950,0,0,2,0,2,2,6,0,1949,2,5,2006
344,2005,2005,0,0,2,0,2,1,6,1,2005,2,7,2008
345,1976,1976,0,0,1,1,3,1,4,0,1976,1,4,2010
346,1939,1950,0,0,1,0,3,1,6,1,1939,1,10,2006
347,1960,1998,0,0,1,0,2,1,5,0,1960,1,4,2007
348,1960,1960,1,0,2,0,3,1,6,2,1960,2,12,2009
349,2003,2004,1,0,2,1,2,1,6,0,2003,2,10,2008
350,2005,2006,1,0,2,1,4,1,10,2,2006,3,4,2006
351,2007,2007,0,0,2,0,2,1,6,1,2007,2,12,2007
352,1986,1986,1,0,1,1,2,1,6,1,1986,2,12,2006
353,1941,1950,0,1,1,0,3,1,5,0,1941,1,3,2008
354,1928,2003,0,0,1,0,2,1,5,0,2005,2,5,2010
355,1940,2000,0,0,1,0,2,1,6,2,1940,1,6,2006
356,1995,1995,1,0,2,0,3,1,6,0,1995,2,8,2007
357,1992,1992,1,0,2,0,3,1,6,0,1992,2,7,2009
358,1976,1976,1,0,1,1,3,1,6,1,1976,2,8,2007
359,1958,1958,0,1,1,0,3,1,6,0,1958,1,7,2006
360,1998,1998,1,0,2,1,3,1,7,1,1998,2,6,2006
361,1978,1978,1,0,1,0,2,1,5,1,1978,2,6,2007
362,1940,1982,1,0,1,0,3,1,8,0,1940,1,7,2008
363,2003,2003,0,0,3,0,4,1,7,1,2003,2,7,2009
364,1972,2007,0,0,1,1,2,1,5,0,1972,1,5,2009
365,1976,1976,1,0,2,1,3,1,6,1,1976,2,7,2006
366,1920,1997,0,0,1,0,3,1,6,0,1964,1,7,2009
367,1963,1963,1,0,1,1,3,1,6,2,1963,2,7,2009
368,1962,1962,0,1,1,0,3,1,6,1,1962,1,12,2008
369,1954,1954,0,0,1,0,2,1,7,1,1954,1,3,2010
370,1959,2006,1,0,1,0,3,1,7,1,1997,2,3,2010
371,2000,2000,0,0,2,1,3,1,7,1,2000,2,1,2006
372,1959,1959,0,0,2,0,4,1,7,1,1991,2,7,2008
373,1984,1984,1,0,1,0,2,1,4,0,1984,1,2,2010
374,1953,1953,1,0,1,0,3,1,5,0,1953,1,11,2009
375,2003,2004,0,0,2,1,4,1,8,1,2003,2,7,2007
376,1922,1950,1,0,0,1,1,1,4,0,NA,0,3,2009
377,1996,1996,0,0,1,0,2,1,5,0,1998,2,7,2006
378,2004,2005,0,0,3,0,4,1,8,1,2004,2,12,2007
379,2010,2010,1,0,1,1,1,1,8,1,2010,3,6,2010
380,2000,2000,0,0,2,1,3,1,7,1,2000,2,6,2009
381,1924,1950,0,0,2,0,3,1,6,1,1924,1,5,2010
382,2006,2006,1,0,2,0,2,1,5,1,2006,2,8,2006
383,2006,2006,0,0,2,1,3,1,8,0,2006,2,4,2007
384,1928,1950,0,0,1,0,2,1,5,0,1950,2,10,2009
385,1992,1992,1,0,2,1,3,1,9,2,1992,2,6,2007
386,2004,2005,0,0,2,0,2,1,6,1,2004,2,4,2010
387,1910,1996,0,0,1,0,5,1,8,0,NA,0,5,2006
388,1976,1976,1,0,1,0,3,1,6,1,1977,1,10,2009
389,1999,2000,0,0,2,0,3,1,6,0,1999,2,7,2008
390,2007,2008,1,0,2,1,3,1,9,1,2008,3,8,2008
391,1900,1950,1,0,1,0,4,1,7,0,1978,1,4,2008
392,2001,2002,1,0,2,1,3,1,7,1,2001,2,6,2009
393,1959,1959,0,0,1,0,3,1,5,0,1959,1,7,2007
394,1941,1950,0,0,1,0,2,1,4,2,NA,0,4,2006
395,1940,1950,0,0,1,0,2,1,5,0,1940,1,7,2007
396,1956,1956,1,0,1,0,3,1,6,0,1956,1,6,2010
397,1972,1972,0,0,1,0,2,1,6,0,1985,2,9,2009
398,1962,1962,0,0,2,0,4,1,8,1,1962,1,7,2007
399,1920,1950,0,0,1,0,2,1,6,0,1920,1,11,2007
400,2006,2007,1,0,2,0,2,1,7,0,2007,2,10,2009
401,1996,1996,1,0,1,1,1,1,4,2,1996,2,12,2008
402,2005,2005,0,0,2,0,3,1,6,1,2005,2,7,2006
403,1940,1997,0,0,1,0,2,1,4,0,1940,1,8,2008
404,1998,1998,0,0,2,1,4,1,10,1,1998,2,7,2006
405,1995,1996,0,0,2,1,3,1,7,1,1995,2,5,2007
406,1976,1993,1,0,2,0,3,1,8,1,1993,2,6,2009
407,1936,1950,0,0,1,0,3,1,6,0,1936,1,3,2008
408,1915,1976,0,0,2,0,4,1,8,0,1960,1,3,2008
409,2006,2006,0,0,2,1,3,1,9,1,2006,3,8,2007
410,2007,2008,1,0,2,1,3,1,8,1,2008,3,4,2008
411,1958,1958,0,0,1,0,3,1,5,0,1958,1,6,2009
412,1955,1955,1,0,1,0,3,1,5,0,1955,2,1,2006
413,2009,2009,1,0,2,1,2,1,7,1,2009,2,6,2010
414,1927,1950,0,0,1,0,2,1,5,1,1927,2,3,2010
415,1993,1993,0,1,2,1,3,1,9,1,1993,3,12,2008
416,2007,2007,0,0,2,0,3,1,6,0,2007,2,8,2007
417,1978,1978,0,0,1,1,3,1,6,1,1978,2,3,2006
418,1918,1950,1,0,2,1,4,1,10,1,1918,3,11,2007
419,1940,1950,1,0,1,1,3,1,7,0,1940,1,4,2007
420,1968,1968,1,0,1,0,3,1,6,1,1968,1,7,2010
421,1997,1998,2,0,2,0,2,2,8,0,1997,4,11,2008
422,1977,2000,0,1,2,0,3,1,8,1,1977,2,6,2009
423,1954,1954,0,0,1,0,2,1,4,0,1954,2,2,2008
424,1998,1998,1,0,2,1,4,1,8,1,1998,3,6,2008
425,1956,1956,1,0,1,0,2,1,6,1,1956,1,5,2008
426,1946,1992,0,0,1,1,3,1,6,2,1947,1,9,2009
427,1989,1989,1,1,2,0,2,1,5,1,1989,2,8,2009
428,1957,1957,0,0,1,0,3,1,5,0,1964,1,7,2008
429,2007,2007,1,0,2,0,2,1,6,0,2007,2,9,2007
430,1988,1988,1,0,2,0,3,1,6,1,1988,2,3,2009
431,1971,1971,0,0,1,1,2,1,4,0,1971,1,7,2008
432,1920,1998,0,0,1,0,4,1,7,0,NA,0,9,2008
433,1971,1971,1,0,1,1,2,1,6,0,1971,2,8,2007
434,1997,1998,0,0,2,1,3,1,7,1,1997,2,7,2008
435,1972,1972,1,0,1,0,1,1,3,0,NA,0,6,2008
436,1996,1996,1,0,2,1,3,1,6,1,1996,2,4,2009
437,1920,1950,0,0,1,0,2,1,6,0,1990,2,10,2006
438,1926,2004,0,0,1,0,2,1,4,0,1926,1,1,2009
439,1913,2002,0,0,1,0,2,1,4,1,1990,1,3,2007
440,1920,2000,0,0,1,0,3,1,7,0,2005,2,8,2009
441,2008,2008,1,0,2,0,2,1,10,2,2008,3,4,2009
442,1955,1955,0,0,2,0,4,2,8,0,NA,0,9,2008
443,1930,1992,0,0,2,0,3,1,8,1,1930,2,6,2008
444,2006,2007,0,0,2,0,2,1,6,1,2007,3,6,2007
445,1994,1995,1,0,2,1,4,1,8,1,1994,2,7,2008
446,1956,1956,0,0,1,0,3,1,7,1,1956,2,11,2009
447,1966,2002,0,0,2,1,2,1,6,1,1966,2,6,2010
448,1998,1999,0,0,2,1,4,1,10,1,1998,2,7,2006
449,1937,1950,0,0,2,0,3,1,7,1,1937,1,6,2006
450,1948,2002,0,0,1,1,2,1,6,0,1981,1,6,2007
451,1930,2005,0,0,1,0,2,1,5,0,1932,1,6,2006
452,1975,1975,1,0,2,0,2,1,5,2,1975,2,12,2006
453,1996,1997,1,0,2,1,3,1,7,0,1996,2,7,2007
454,2008,2008,0,0,2,1,3,1,6,0,2008,2,6,2009
455,1976,1976,2,0,2,0,4,2,8,0,1976,2,7,2006
456,1973,1973,0,0,1,1,3,1,6,1,1973,2,9,2007
457,1916,1950,0,0,1,0,4,1,7,0,1916,3,5,2008
458,1954,1994,1,0,1,0,2,1,6,2,1954,2,3,2008
459,1925,1996,0,0,1,0,3,1,7,1,1925,1,6,2008
460,1950,1950,1,0,1,0,3,1,5,1,1950,1,7,2009
461,2009,2009,1,0,2,1,3,1,8,0,2009,2,12,2009
462,1936,2007,1,0,1,0,3,1,6,0,1971,2,4,2009
463,1965,1965,0,0,1,0,3,1,5,1,1965,1,12,2009
464,1934,1995,0,0,1,1,3,1,6,1,1939,1,8,2008
465,1978,1978,0,0,2,0,3,1,5,0,NA,0,8,2009
466,2004,2004,0,0,2,0,2,1,6,1,2004,2,5,2006
467,1970,1970,1,0,1,0,2,1,5,1,1970,2,4,2007
468,1942,1995,0,0,1,1,3,1,7,2,1942,1,6,2007
469,2006,2006,0,0,2,0,3,1,7,1,2006,3,5,2007
470,1993,1993,0,0,2,1,3,1,7,0,1993,2,6,2008
471,1985,1985,1,0,1,1,1,1,4,0,1985,2,6,2010
472,1977,1977,0,0,2,1,3,1,8,1,1977,2,11,2007
473,2005,2005,1,0,1,0,2,1,5,0,2005,2,6,2008
474,2006,2007,1,0,2,0,2,1,7,1,2006,3,7,2007
475,2000,2000,1,0,2,0,2,1,6,0,2000,2,8,2007
476,1963,1963,1,0,1,0,2,1,5,0,1996,2,7,2007
477,1997,1998,1,0,2,0,3,1,7,1,1997,2,4,2008
478,2006,2006,0,0,2,1,3,1,9,1,2006,3,3,2007
479,2007,2008,1,0,2,0,3,1,7,1,2007,3,9,2009
480,1937,2000,0,0,1,0,2,1,7,0,1995,2,3,2007
481,2004,2005,1,0,2,0,3,1,8,1,2004,3,3,2006
482,2003,2004,1,0,2,0,2,1,6,1,2003,3,8,2006
483,1915,2005,1,0,1,1,4,1,7,1,1915,1,6,2009
484,1998,1998,1,0,2,0,2,1,5,0,1998,2,5,2006
485,1962,2001,1,0,1,0,3,1,6,0,1963,1,3,2007
486,1950,2007,0,0,1,0,3,1,5,1,1950,1,7,2009
487,1965,1965,1,0,1,1,3,1,6,0,1965,2,6,2007
488,1971,1971,0,0,2,0,3,1,7,1,1971,2,2,2007
489,1900,1970,0,0,2,0,3,2,10,1,1970,2,5,2006
490,1970,2002,1,0,1,0,1,1,3,0,1970,1,5,2009
491,1976,1976,0,0,1,1,3,1,4,1,1976,1,6,2008
492,1941,1950,1,0,1,0,3,1,5,2,1941,1,8,2006
493,2006,2006,0,0,2,1,3,1,8,0,2006,2,5,2006
494,1960,1960,0,0,1,1,3,1,6,1,1964,1,6,2008
495,1938,1996,0,0,1,0,2,1,4,0,1938,1,12,2009
496,1920,1950,0,0,1,0,2,1,4,0,NA,0,11,2009
497,1992,1993,1,0,3,0,4,1,10,1,1992,2,5,2007
498,1925,1950,1,0,2,0,4,1,8,0,1925,1,6,2008
499,1967,2004,0,0,1,0,3,1,5,0,1967,1,6,2009
500,1958,1985,0,1,1,0,2,1,5,0,1958,1,6,2007
501,1973,1973,0,0,1,1,3,1,7,0,1973,1,5,2007
502,2005,2005,0,0,2,1,3,1,7,0,2005,2,2,2008
503,1965,1965,1,0,1,0,2,1,6,0,1965,2,4,2007
504,1959,1997,1,0,2,0,1,1,6,2,1959,2,3,2010
505,1974,1974,0,1,2,1,3,1,6,1,1974,2,6,2009
506,1952,1952,0,0,2,0,4,2,10,0,1952,2,7,2009
507,1993,1994,0,0,2,1,3,1,8,1,1993,2,9,2006
508,2009,2009,0,0,2,0,2,1,4,0,2009,2,9,2009
509,1928,2005,0,0,2,0,3,1,7,1,1928,2,10,2008
510,1959,1959,1,0,1,0,3,1,6,0,1959,1,7,2009
511,1951,2000,1,0,1,0,2,1,6,2,1951,1,6,2009
512,2005,2006,0,0,2,0,2,1,6,1,2005,2,3,2006
513,1958,1958,1,0,1,0,3,1,5,0,1964,2,7,2006
514,1983,1983,0,0,1,1,3,1,5,0,1983,2,6,2007
515,1926,1950,0,0,1,0,2,1,5,0,1926,1,6,2007
516,2009,2009,1,0,2,1,3,1,9,1,2009,3,9,2009
517,1972,1972,0,0,2,1,3,1,7,1,1972,2,8,2009
518,1996,1997,0,0,2,1,3,1,7,1,1996,3,7,2009
519,1998,1998,1,0,2,1,3,1,7,0,1998,2,5,2007
520,1926,2004,0,0,1,1,3,1,9,2,1926,1,6,2009
521,1900,2000,0,0,2,0,3,2,7,0,NA,0,8,2008
522,1957,1957,0,0,1,1,3,1,6,2,1957,1,5,2007
523,1947,1950,0,0,2,0,3,1,7,2,1950,2,10,2006
524,2007,2008,1,0,3,1,3,1,11,1,2007,3,10,2007
525,1996,1997,1,0,2,1,3,1,8,1,1996,3,8,2007
526,2005,2005,0,0,2,0,3,1,6,1,2005,2,4,2006
527,1956,2000,0,0,1,0,2,1,4,0,1956,1,6,2007
528,2008,2008,1,0,2,1,3,1,11,1,2008,3,11,2008
529,1920,2002,1,0,1,0,2,1,5,0,NA,0,7,2007
530,1957,1975,1,0,3,0,4,2,9,2,1975,2,3,2007
531,1988,1989,1,0,2,0,3,1,5,1,1988,2,8,2008
532,1920,1999,0,0,2,0,3,1,6,0,1920,2,6,2008
533,1955,2007,0,0,1,0,2,1,5,1,1967,1,4,2010
534,1946,1950,0,0,1,0,1,1,2,0,NA,0,1,2007
535,2004,2004,0,0,2,1,3,1,6,1,2004,2,10,2006
536,1910,1991,1,0,1,0,3,1,5,0,NA,0,1,2008
537,1998,1999,0,0,2,1,3,1,8,0,1998,2,7,2008
538,1972,1972,0,0,1,0,3,1,5,0,1980,2,4,2008
539,1968,1968,0,0,1,1,3,1,7,1,1968,1,7,2006
540,2001,2002,1,0,2,0,3,1,6,1,2001,2,5,2010
541,2006,2006,1,0,2,0,2,1,8,1,2006,3,3,2009
542,2000,2000,0,0,2,1,4,1,8,1,2000,3,6,2007
543,1998,1999,1,0,2,0,3,1,7,1,1998,2,6,2009
544,1998,1998,1,0,1,0,1,1,4,0,1998,1,6,2007
545,2006,2006,1,0,2,1,3,1,7,1,2006,2,9,2006
546,1988,1988,0,0,2,1,4,1,9,0,1988,3,2,2006
547,1923,1950,0,0,1,1,3,1,6,1,1950,2,5,2007
548,1970,1970,1,0,1,0,2,1,5,0,1987,2,4,2007
549,1955,1995,1,0,1,0,2,1,4,0,1963,2,6,2008
550,2003,2004,0,0,2,1,4,1,8,1,2003,2,11,2009
551,1977,1977,0,0,2,0,2,1,4,0,1977,2,10,2008
552,1957,1957,0,0,1,0,3,1,5,0,1957,1,6,2008
553,2006,2006,0,0,2,0,3,1,7,1,2006,3,7,2009
554,1949,2003,0,0,2,0,2,1,5,0,2002,2,5,2009
555,2003,2004,1,0,2,1,3,1,8,1,2003,3,8,2008
556,1922,1950,0,0,1,0,2,1,5,1,1922,1,8,2006
557,1957,1957,1,0,1,0,2,1,6,1,1957,1,5,2006
558,1920,1950,0,0,1,1,3,1,7,0,1994,1,9,2006
559,1996,1997,0,1,2,1,3,1,6,1,1996,2,8,2008
560,2003,2004,0,0,2,0,2,1,7,1,2003,2,10,2006
561,1957,1996,1,0,1,1,3,1,5,1,1957,2,5,2010
562,1974,1975,1,0,1,0,2,1,6,1,1975,2,4,2006
563,1940,1969,1,0,1,0,3,1,6,1,NA,0,7,2008
564,1918,1950,0,0,2,0,4,1,8,1,1955,2,7,2008
565,1992,2000,1,0,2,1,4,1,9,1,1992,2,7,2006
566,1915,1950,1,0,1,1,4,1,6,0,1920,1,5,2010
567,2005,2007,0,0,2,1,4,1,11,1,2005,3,6,2008
568,2004,2004,0,0,2,0,3,1,7,0,2004,2,3,2010
569,1983,2009,1,0,1,1,1,1,5,1,1983,2,9,2009
570,1979,1979,1,0,1,0,2,1,4,2,1979,2,12,2006
571,1965,1965,0,0,2,0,6,2,10,0,1987,2,11,2008
572,1959,1959,1,0,1,0,2,1,4,0,1959,1,10,2006
573,2009,2009,0,0,2,1,3,1,6,0,2009,2,7,2009
574,2000,2000,0,0,2,1,3,1,8,1,2000,2,12,2007
575,1971,2005,0,1,1,0,3,1,5,0,1971,1,12,2007
576,1947,1950,0,0,1,0,2,1,6,0,1947,1,10,2008
577,1928,1950,0,1,2,0,3,1,6,1,1928,1,8,2009
578,1966,1966,1,0,1,0,3,1,6,2,1966,2,5,2006
579,2007,2007,0,0,2,0,2,1,5,0,2007,2,2,2008
580,1954,1954,0,0,2,0,4,1,7,0,1954,1,11,2008
581,1960,1987,0,1,1,0,3,1,7,2,1960,2,6,2007
582,2008,2009,0,0,2,1,3,1,8,1,2009,3,8,2009
583,1990,1990,1,0,1,0,3,1,5,0,NA,0,5,2007
584,1893,2000,0,0,3,1,3,1,9,1,1988,2,7,2008
585,1935,1995,0,0,1,0,3,1,6,0,1935,1,7,2009
586,2005,2006,1,0,2,0,2,1,7,2,2005,3,3,2006
587,1918,2000,1,0,1,0,2,1,5,0,1961,1,5,2008
588,1982,1982,1,0,1,0,2,1,4,0,1996,2,7,2009
589,1968,2003,2,0,1,0,1,1,5,2,1968,1,6,2009
590,1930,1960,0,0,1,0,2,1,4,0,1988,1,8,2008
591,2004,2004,0,0,2,1,3,1,6,0,2004,2,9,2008
592,2008,2008,1,0,2,1,3,1,10,1,2008,3,6,2009
593,1982,2003,1,0,1,0,2,1,4,0,1985,2,6,2008
594,2003,2003,1,0,1,0,1,1,4,0,2003,2,5,2009
595,1975,1975,0,0,1,0,3,1,5,0,1981,1,4,2008
596,2005,2006,1,0,2,0,3,1,7,1,2005,3,8,2006
597,1910,1993,0,0,1,0,3,1,7,0,1930,1,10,2006
598,2006,2007,0,2,0,2,2,1,7,1,2006,3,2,2007
599,1977,1977,1,0,2,0,3,1,7,1,1977,2,3,2006
600,1980,1980,1,0,2,1,3,1,6,1,1980,2,7,2008
601,2005,2005,1,0,2,1,3,1,8,1,2003,2,6,2006
602,1937,1950,0,0,1,1,3,1,6,1,1979,1,12,2007
603,1992,1992,1,0,2,1,3,1,8,1,1992,2,2,2006
604,2004,2005,0,0,2,1,2,1,4,0,2004,2,6,2010
605,2002,2002,1,0,2,0,3,1,6,1,2002,2,9,2008
606,1965,1990,0,0,2,1,3,1,7,3,1965,2,10,2009
607,1996,1996,1,0,1,0,3,1,6,0,2000,2,11,2009
608,1948,2002,1,0,3,0,3,1,8,0,1948,1,8,2006
609,1934,1998,0,0,2,1,4,1,10,2,1934,2,9,2007
610,1961,1961,1,0,1,0,3,1,5,0,1961,1,4,2007
611,2000,2000,1,0,2,1,3,1,8,2,2000,3,5,2009
612,1978,1978,0,1,2,0,3,1,6,1,1978,2,7,2007
613,2001,2001,1,0,2,1,3,1,7,1,2001,2,11,2009
614,2007,2007,0,0,1,0,3,1,6,0,NA,0,12,2007
615,1972,1972,1,0,1,0,1,1,3,0,NA,0,5,2010
616,1963,1963,1,0,1,0,3,1,6,0,1963,2,5,2010
617,2002,2003,1,0,2,1,3,1,7,1,2002,2,6,2006
618,1954,1954,0,0,1,0,2,1,4,0,1962,2,6,2008
619,2007,2007,0,0,2,0,3,1,9,1,2007,3,7,2007
620,2003,2003,1,0,2,1,4,1,10,2,2003,3,8,2008
621,1914,1950,1,0,1,0,2,1,5,0,NA,0,9,2008
622,1974,1997,0,0,2,1,4,1,9,1,1974,2,6,2008
623,1977,1977,0,0,1,0,3,1,6,0,1986,2,7,2009
624,2000,2000,0,0,2,1,2,1,4,1,2000,2,6,2007
625,1972,1972,1,0,1,2,4,1,8,1,1972,2,11,2006
626,1962,1962,0,0,1,1,3,1,5,0,1962,2,2,2010
627,1960,1978,0,0,1,0,3,1,6,1,1960,1,8,2007
628,1955,1972,1,0,1,0,3,1,7,2,1955,1,3,2010
629,1969,1969,0,1,1,2,5,1,9,2,1969,2,9,2007
630,1964,1964,1,0,1,1,3,1,6,0,1964,2,6,2008
631,1880,1991,0,0,1,0,3,1,8,0,1937,1,6,2006
632,2006,2006,0,0,2,0,2,1,6,1,2006,2,8,2007
633,1977,1977,0,0,2,0,3,1,6,1,1977,2,4,2009
634,1954,2005,0,1,1,0,3,1,6,0,1954,1,7,2007
635,1980,1980,2,0,0,0,0,2,4,0,1980,2,6,2010
636,1914,1995,0,0,2,0,8,2,14,0,NA,0,3,2007
637,1936,1950,0,0,1,0,1,1,4,1,NA,0,1,2009
638,1954,1954,0,0,2,0,3,2,7,0,1954,1,11,2009
639,1910,1950,0,0,1,0,2,1,4,0,NA,0,5,2008
640,2006,2006,1,0,2,0,1,1,7,1,2006,3,10,2006
641,2003,2004,0,0,1,1,1,1,6,1,2003,2,4,2008
642,2001,2001,1,0,2,1,3,1,7,1,2001,2,5,2007
643,1972,1995,1,0,2,1,4,1,9,3,1972,2,7,2009
644,1969,1969,0,0,2,1,4,1,7,0,1969,2,4,2007
645,2009,2009,1,0,2,1,2,1,7,1,2009,3,10,2009
646,1971,1971,1,0,1,1,3,1,5,0,1979,2,3,2007
647,1950,1950,0,0,1,0,3,1,7,0,1950,2,7,2008
648,1953,1953,0,0,1,0,3,1,5,2,1953,2,6,2008
649,1966,1966,0,0,1,1,4,1,7,1,1966,2,6,2010
650,1970,1970,1,0,1,0,1,1,3,0,NA,0,12,2007
651,2007,2007,0,0,2,1,3,1,7,0,2007,2,5,2008
652,1940,1950,1,0,1,0,4,1,7,1,1940,1,10,2009
653,1996,1996,0,0,2,1,2,1,7,1,1996,2,7,2009
654,1906,1995,0,0,1,0,3,1,7,0,1906,1,6,2008
655,1995,1995,1,0,2,1,2,1,7,1,1995,3,8,2008
656,1971,1971,0,0,1,1,3,1,6,0,1971,1,3,2010
657,1959,2006,1,0,1,1,3,1,5,0,1959,1,8,2008
658,1931,2000,0,0,1,1,3,1,6,1,1931,1,2,2008
659,1948,1950,0,1,1,0,3,1,6,1,1948,1,1,2010
660,1964,1999,1,0,1,0,3,1,7,0,1968,2,3,2009
661,1976,1976,0,0,2,1,3,1,7,1,1976,2,11,2007
662,1994,2005,1,0,2,1,4,1,8,1,1994,3,7,2009
663,1968,1968,1,0,1,0,2,1,5,2,1968,2,7,2009
664,1972,1972,1,0,2,0,3,1,6,0,1974,2,4,2008
665,2005,2006,1,0,1,1,1,1,8,1,2005,3,1,2006
666,2000,2000,0,0,2,1,3,1,7,1,2000,2,11,2006
667,1965,1979,0,0,2,1,3,1,7,1,1965,2,8,2007
668,1994,1998,1,0,2,0,3,1,7,1,1994,2,10,2008
669,1956,1987,1,0,1,1,3,1,6,1,1999,2,11,2006
670,1922,1950,0,0,1,0,2,1,5,1,1922,1,7,2006
671,2005,2005,1,0,2,1,3,1,7,0,2005,2,2,2009
672,1925,1950,1,0,2,0,3,1,6,0,1930,1,7,2009
673,1977,1977,1,0,1,1,3,1,6,1,1977,2,6,2006
674,1957,2004,1,0,2,0,3,1,7,2,1957,2,6,2007
675,1965,1965,1,0,1,0,3,1,5,1,1965,1,7,2008
676,1978,1978,0,0,2,1,3,1,7,1,1978,2,4,2009
677,1900,1950,1,0,2,0,4,2,8,0,1920,3,5,2006
678,1924,2006,0,0,1,0,2,1,5,0,1924,1,5,2009
679,2008,2008,0,0,2,1,3,1,7,1,2008,3,7,2009
680,1961,1961,1,0,1,0,3,1,5,0,1963,2,10,2007
681,1980,1980,0,0,2,0,2,1,5,1,1980,1,5,2010
682,1932,2000,0,0,1,0,3,1,6,0,1968,1,7,2009
683,1996,1997,1,0,1,0,2,1,6,1,1996,2,11,2008
684,2002,2002,1,0,2,0,3,1,7,1,2002,3,7,2007
685,1998,1998,0,0,2,1,4,1,7,0,1998,2,6,2010
686,1984,1984,1,0,2,0,3,1,6,1,1984,2,9,2007
687,2007,2007,0,0,3,0,3,1,7,0,2007,2,8,2007
688,2004,2004,0,0,2,1,2,1,4,0,2004,2,3,2007
689,2007,2007,1,0,2,0,2,1,7,1,2007,2,10,2007
690,2005,2006,0,0,2,0,2,1,6,1,2005,2,6,2007
691,2004,2004,1,0,1,0,1,1,3,1,2004,2,5,2008
692,1994,1995,0,1,3,1,4,1,10,2,1994,3,1,2007
693,1989,1990,1,0,2,1,4,1,9,2,1989,2,4,2006
694,1921,1968,0,0,1,0,2,1,4,0,1968,1,12,2006
695,1936,1950,0,0,1,1,3,1,5,0,1995,2,4,2009
696,1987,1987,1,0,2,0,2,1,5,1,1987,2,7,2006
697,1921,1950,0,0,1,0,2,1,4,0,1921,1,6,2006
698,1952,1952,0,1,1,0,2,1,6,0,1952,1,9,2006
699,1965,2009,1,0,1,0,3,1,5,1,1973,1,4,2010
700,2004,2004,0,0,2,0,2,1,5,0,2004,2,7,2008
701,2002,2002,1,0,2,0,3,1,7,1,2002,3,5,2006
702,1969,1969,0,0,1,1,3,1,6,0,1969,2,7,2006
703,2006,2006,0,0,2,1,4,1,10,1,2006,3,7,2006
704,1900,1996,0,0,2,0,4,2,8,1,1999,2,5,2010
705,2004,2005,1,0,2,0,3,1,7,0,2004,2,5,2010
706,1930,1950,0,0,2,0,3,2,7,0,NA,0,7,2010
707,1971,2002,1,0,2,0,2,1,5,2,1971,2,6,2007
708,2006,2006,1,0,2,0,2,1,6,1,2006,2,12,2009
709,2007,2007,0,0,2,1,3,1,8,1,2007,2,7,2007
710,1966,1966,0,0,1,0,3,1,6,0,1966,1,12,2008
711,1935,2003,0,0,1,0,2,1,5,0,NA,0,7,2008
712,1900,1950,0,0,1,0,2,1,7,0,1964,1,1,2010
713,1988,1989,1,0,2,0,2,1,5,1,1988,2,10,2008
714,1970,1970,1,0,1,0,3,1,6,0,1970,2,5,2006
715,1976,2005,0,0,2,1,3,1,6,0,1976,2,3,2010
716,1974,1974,0,0,2,0,3,1,7,1,1974,2,8,2009
717,1890,1998,0,0,1,1,3,1,8,0,1996,2,7,2007
718,1973,2000,0,1,1,1,3,1,5,1,1973,2,11,2008
719,1993,1994,1,0,2,1,3,1,9,1,1993,3,8,2008
720,1969,1969,0,0,1,1,3,1,5,1,1969,1,5,2006
721,1985,1985,1,0,2,0,2,1,5,1,1985,2,12,2006
722,2004,2004,1,0,1,0,1,1,3,0,2004,2,5,2010
723,1970,1970,0,0,1,0,3,1,5,0,1994,2,7,2009
724,1954,1972,0,0,2,0,4,1,7,0,1958,1,5,2008
725,2007,2008,1,0,2,0,3,1,8,1,2007,3,2,2009
726,1970,1970,0,0,1,0,3,1,5,0,1989,2,11,2009
727,1988,2007,1,0,2,0,3,1,5,1,1988,2,12,2009
728,2007,2007,1,0,2,0,2,1,6,0,2007,2,2,2009
729,1958,1958,1,0,2,0,4,2,9,0,1968,3,7,2009
730,1925,1950,0,0,1,0,2,1,5,0,1962,2,1,2009
731,1995,1996,1,0,2,0,2,1,5,1,1995,2,3,2010
732,2003,2003,1,0,2,0,3,1,6,1,2003,2,5,2007
733,1998,1999,0,0,2,1,3,1,8,1,1998,2,7,2008
734,1961,1983,1,0,1,0,3,1,6,1,1961,1,3,2009
735,1968,1968,0,0,1,0,3,1,6,0,1968,1,5,2007
736,1914,1970,0,0,1,1,2,1,6,2,1914,2,10,2006
737,1950,1950,0,0,2,0,2,2,6,0,1949,2,7,2006
738,2005,2005,0,0,2,1,3,1,8,1,2005,3,6,2006
739,1987,1988,3,0,3,0,3,1,5,0,NA,0,3,2009
740,2004,2004,0,0,2,1,3,1,7,0,2004,2,4,2009
741,1910,2002,0,0,2,0,2,1,7,0,1910,2,5,2007
742,1961,1996,1,1,1,0,3,1,5,0,1962,1,5,2008
743,2000,2001,0,0,2,0,3,1,6,0,2000,2,12,2007
744,1963,1999,0,1,2,0,3,1,6,1,1997,2,10,2009
745,1993,1993,1,0,2,0,2,1,5,1,1993,2,10,2008
746,1976,1996,0,1,3,1,4,1,11,2,1994,2,7,2008
747,2000,2000,0,0,2,1,4,1,8,1,2000,2,4,2009
748,1880,2003,0,0,1,1,4,1,8,1,1950,4,5,2009
749,1996,1996,1,0,2,0,3,1,7,1,1996,2,3,2010
750,1945,1950,0,0,2,0,4,1,9,0,1945,1,4,2009
751,1910,2004,0,0,1,0,3,1,7,0,NA,0,6,2010
752,2003,2003,0,0,2,1,3,1,6,0,2003,2,8,2007
753,1997,1997,1,0,2,0,3,1,6,0,1997,2,7,2006
754,2005,2005,0,0,2,1,3,1,8,1,2005,3,3,2006
755,1969,2005,1,0,1,0,3,1,5,0,1969,2,7,2009
756,1999,1999,0,0,2,1,3,1,6,0,1999,2,3,2009
757,2007,2007,0,0,2,1,3,1,7,0,2007,2,4,2009
758,1978,1978,0,0,2,1,3,1,6,1,1978,2,4,2010
759,1999,1999,0,0,2,1,3,1,6,0,1999,2,8,2008
760,1995,1995,0,0,2,1,4,1,9,1,1995,3,11,2007
761,1959,1959,0,0,1,0,2,1,5,0,2008,1,10,2009
762,1924,1950,0,0,1,0,2,1,5,0,1965,2,10,2009
763,2009,2009,0,0,2,1,3,1,7,0,2009,2,6,2010
764,1999,1999,1,0,2,1,3,1,8,1,1999,3,7,2009
765,1995,1996,1,0,1,1,2,1,6,1,1995,2,4,2006
766,2008,2008,0,0,2,0,2,1,6,1,2008,2,8,2008
767,1988,1988,0,0,2,1,3,1,7,1,1988,2,3,2010
768,1940,1985,1,0,2,0,4,1,7,0,1989,1,7,2008
769,2004,2005,0,0,2,0,3,1,8,1,2004,2,10,2006
770,2003,2003,1,0,3,1,4,1,12,1,2003,3,6,2010
771,1982,1982,1,0,1,0,2,1,5,0,1983,2,4,2009
772,1951,1951,0,0,1,0,2,1,6,0,1951,2,4,2006
773,1976,1976,1,0,1,0,3,1,6,1,1976,2,3,2010
774,1958,1958,0,0,1,0,2,1,5,0,1958,1,7,2007
775,2006,2006,0,0,2,0,3,1,9,1,2006,3,7,2007
776,1998,1998,1,0,2,0,2,1,5,0,1998,2,6,2009
777,2005,2006,0,0,2,0,3,1,7,0,2005,3,7,2006
778,1974,1974,1,0,1,0,3,1,5,1,1974,2,6,2006
779,1977,1977,0,0,2,0,4,2,10,2,1977,2,10,2007
780,1977,1977,1,0,1,0,2,1,4,0,1977,2,5,2006
781,1995,1996,0,0,2,0,3,1,6,1,1995,2,6,2007
782,1992,1992,0,0,2,1,3,1,7,0,1992,2,7,2006
783,2001,2002,0,0,2,0,3,1,6,0,2001,2,6,2009
784,1978,1978,1,0,1,0,1,1,4,1,1978,2,7,2009
785,1914,2001,0,0,2,0,3,1,9,1,NA,0,6,2008
786,1967,1967,0,0,2,0,3,1,7,1,1967,2,9,2009
787,1915,1950,1,0,2,0,4,1,7,0,1961,1,6,2010
788,2004,2004,1,0,2,1,4,1,8,0,2004,2,1,2010
789,1954,2000,0,0,1,0,2,1,4,0,1954,1,8,2008
790,1966,2007,0,0,2,1,5,1,9,0,1966,2,7,2007
791,2005,2006,0,0,2,0,2,1,5,1,2005,2,9,2009
792,1976,1976,1,0,1,0,3,1,5,2,1976,2,5,2007
793,1996,1997,1,0,2,1,3,1,8,1,1997,2,6,2007
794,2007,2007,0,0,2,0,3,1,7,0,2007,2,6,2007
795,1994,1996,0,0,2,1,3,1,7,1,1994,2,10,2008
796,1980,1981,0,0,2,1,3,1,7,1,1980,2,4,2010
797,1977,1977,0,0,1,1,3,1,7,1,1977,2,4,2007
798,1953,1953,0,0,1,0,2,1,4,0,1953,1,4,2008
799,2008,2009,0,0,3,1,4,1,11,2,2009,3,7,2009
800,1937,1950,1,0,1,1,3,1,7,2,1939,1,6,2007
801,1997,1997,1,0,2,1,4,1,8,0,1997,2,5,2008
802,1916,1990,1,0,1,0,2,1,5,0,1957,2,7,2007
803,2005,2005,1,0,2,1,3,1,7,1,2005,2,10,2008
804,2008,2009,0,0,3,1,4,1,12,1,2009,3,1,2009
805,1954,1954,0,0,1,0,2,1,5,0,1954,1,6,2006
806,2008,2008,0,0,2,0,3,1,6,0,2008,2,7,2008
807,1967,1967,0,0,2,0,3,1,6,0,1967,1,10,2006
808,1923,2004,2,0,1,1,3,1,6,1,1923,2,5,2009
809,1966,1966,1,0,1,0,3,1,6,1,1966,2,6,2006
810,1898,1965,0,0,2,0,2,3,11,0,1910,2,11,2009
811,1974,1999,1,0,1,1,3,1,5,1,1974,2,1,2006
812,2004,2004,1,0,1,0,1,1,4,1,2004,2,6,2008
813,1952,1952,0,0,1,0,2,1,4,0,1952,2,6,2010
814,1958,1958,0,0,1,1,4,1,7,0,1958,1,4,2007
815,1918,1950,0,1,1,1,3,1,7,0,1955,1,7,2006
816,1998,1998,0,0,2,0,3,1,6,0,1998,2,5,2010
817,1954,1954,0,0,1,0,2,1,4,1,1954,1,7,2006
818,2002,2002,1,0,2,0,3,1,7,2,2002,3,7,2008
819,1971,1971,1,0,1,0,3,1,6,0,1971,2,6,2010
820,2009,2010,1,0,2,0,2,1,6,1,2010,2,6,2010
821,2003,2003,0,0,2,1,3,1,6,0,2003,2,6,2008
822,1953,1953,0,0,1,0,2,1,4,0,1974,2,2,2009
823,2003,2003,0,0,2,1,3,1,7,1,2003,2,10,2007
824,1940,1950,0,0,2,0,3,1,7,1,1940,1,7,2009
825,2006,2006,0,0,2,0,3,1,7,1,2006,2,6,2006
826,2007,2008,1,0,2,0,2,1,7,1,2007,3,6,2008
827,1924,1950,1,0,1,0,2,1,5,0,NA,0,5,2008
828,2001,2001,0,0,2,0,3,1,6,1,2001,2,4,2009
829,1967,1967,0,1,2,1,3,1,7,0,1967,2,6,2009
830,2005,2005,0,0,2,1,2,1,4,0,2005,2,7,2006
831,1957,1957,1,0,1,1,3,1,6,2,1957,2,6,2008
832,2005,2005,0,0,2,1,2,1,4,0,2005,2,6,2006
833,2003,2003,1,0,2,1,3,1,7,1,2003,2,1,2010
834,1964,1964,0,0,1,1,3,1,6,0,1964,2,2,2009
835,1961,1961,1,0,1,0,3,1,6,0,1961,2,9,2008
836,1950,1995,0,0,2,0,2,1,4,0,1996,2,2,2010
837,1948,1973,1,0,1,0,2,1,5,0,1948,2,6,2007
838,1973,1973,1,0,1,1,2,1,5,0,1973,1,11,2008
839,1995,2006,0,0,1,1,3,1,6,0,1999,1,6,2008
840,1946,1995,0,0,1,0,3,1,6,0,1946,1,5,2008
841,1925,1950,0,0,2,0,4,1,7,0,1934,1,3,2008
842,1904,2002,0,0,2,0,3,1,8,1,1983,2,6,2008
843,1966,1966,1,0,1,1,3,1,6,0,1966,2,5,2008
844,1961,1961,0,0,2,0,6,2,10,0,NA,0,7,2007
845,1915,1950,0,0,1,1,4,1,7,1,1949,3,6,2008
846,1975,1981,1,0,2,0,3,1,6,2,1975,2,1,2007
847,1993,1993,1,0,2,1,3,1,7,1,1993,2,7,2009
848,1972,1972,1,0,1,0,3,1,5,1,1972,1,8,2009
849,1908,1997,0,0,3,0,5,1,10,1,1908,2,9,2008
850,1976,1994,0,0,2,1,3,1,7,1,1976,2,8,2007
851,2003,2003,1,0,1,0,1,1,3,0,2003,2,11,2007
852,2003,2003,0,0,2,0,2,1,7,1,2003,2,5,2006
853,1941,1950,0,0,2,0,4,1,7,2,1941,1,8,2007
854,1964,1964,0,0,1,1,3,1,7,1,1964,2,8,2009
855,1955,1974,1,0,1,1,3,1,6,1,1955,2,7,2006
856,1962,2010,1,0,1,1,3,1,6,0,1962,1,4,2010
857,1978,1978,1,0,1,0,3,1,5,0,1981,2,10,2008
858,1994,1995,0,0,2,1,3,1,6,1,1994,2,3,2009
859,1976,1976,0,0,2,0,3,1,6,1,1976,2,6,2009
860,1968,1984,1,0,2,1,4,1,9,1,1968,2,8,2006
861,1918,1998,0,0,1,1,3,1,7,1,1925,1,6,2007
862,1965,1965,1,0,1,1,3,1,6,0,1965,2,4,2010
863,1984,1985,0,0,2,0,3,1,6,0,1986,2,5,2010
864,1959,1959,1,0,1,0,3,1,6,0,1959,1,7,2009
865,2007,2008,0,0,2,0,3,1,6,0,2008,2,5,2008
866,1970,1970,1,0,1,0,3,1,5,0,1973,2,8,2009
867,2006,2007,0,0,2,0,3,1,6,1,2007,3,11,2007
868,1961,1961,1,0,1,1,3,1,5,0,1961,2,5,2007
869,1948,1950,0,0,2,0,2,1,7,1,1979,2,5,2006
870,1993,1994,1,0,2,1,3,1,8,1,1993,2,6,2010
871,1962,1962,0,0,1,0,2,1,5,0,1962,1,8,2009
872,1998,1998,0,0,2,1,3,1,7,0,1998,2,6,2010
873,1953,1996,0,0,1,0,3,1,5,0,1953,2,10,2008
874,1949,1950,0,0,1,0,3,1,6,1,1949,1,9,2009
875,1941,1950,0,0,1,1,3,1,5,0,1941,1,8,2009
876,2007,2007,0,0,2,1,4,1,11,1,2007,2,8,2007
877,1963,1963,1,0,1,0,3,1,5,0,1963,2,1,2007
878,2004,2005,1,0,2,1,4,1,10,1,2004,3,6,2009
879,1961,1995,1,0,1,0,3,1,6,0,1987,2,6,2010
880,1978,2005,1,0,1,0,3,1,6,0,1978,1,7,2009
881,2005,2006,1,0,1,1,2,1,5,0,2005,2,6,2007
882,1990,1991,0,0,2,1,3,1,7,1,1990,2,4,2007
883,1992,1993,0,0,2,1,3,1,7,1,1993,2,12,2009
884,1912,1950,1,0,1,0,5,1,10,0,1997,1,3,2006
885,1967,1967,0,0,1,0,3,1,5,0,1967,1,7,2009
886,1999,2000,1,0,2,0,2,1,5,1,1999,2,1,2008
887,1959,2005,0,0,2,0,4,2,8,0,2005,2,6,2006
888,1955,1955,0,0,1,1,3,1,8,0,1955,1,4,2008
889,1970,1970,1,0,2,0,4,1,8,1,1970,2,10,2007
890,1953,1953,1,0,1,0,2,1,6,1,1953,2,2,2009
891,1949,2006,0,0,1,0,3,1,6,1,2003,2,7,2007
892,1978,1978,0,0,2,1,3,1,7,1,1978,2,7,2009
893,1963,2003,0,1,1,0,3,1,6,0,1963,1,2,2006
894,1954,1954,1,0,1,0,3,1,6,1,1954,1,6,2008
895,1979,1979,0,0,2,0,4,2,8,0,1979,2,6,2009
896,1963,1963,1,0,1,1,4,1,8,1,1963,2,10,2008
897,1936,1950,0,0,1,0,2,1,6,0,1936,1,4,2006
898,1979,1979,0,0,2,0,6,2,12,0,1979,2,6,2009
899,2009,2010,1,0,2,1,2,1,11,2,2009,3,3,2010
900,1961,1994,0,0,1,0,3,1,6,1,1961,1,6,2006
901,1971,1971,0,0,1,0,2,1,4,0,1979,1,6,2007
902,1957,2000,1,0,1,0,2,1,5,0,1968,1,5,2009
903,2003,2003,0,0,2,1,3,1,8,1,2003,2,7,2006
904,2006,2006,0,0,2,0,3,1,7,1,2006,3,8,2006
905,1967,1967,0,0,1,0,3,1,6,0,1967,1,8,2007
906,1954,1954,1,0,1,0,3,1,6,0,1954,1,2,2010
907,2006,2006,1,0,2,0,3,1,8,1,2006,3,6,2007
908,1936,1987,0,0,1,1,3,1,6,1,1936,1,6,2006
909,1983,1983,1,0,1,0,2,1,5,0,1983,2,6,2006
910,2005,2005,0,0,2,1,3,1,8,1,2005,2,6,2009
911,1960,1960,0,0,2,0,5,2,12,0,1960,2,1,2010
912,1977,1989,0,0,1,1,3,1,5,0,1978,1,10,2009
913,1925,1950,0,0,1,0,3,1,6,0,1925,1,7,2006
914,1949,1950,0,0,2,0,4,2,8,0,1949,3,8,2007
915,2009,2009,0,0,2,1,2,1,4,0,2009,2,6,2009
916,1970,1970,0,0,1,1,3,1,6,0,1970,1,1,2007
917,1949,1950,1,0,0,0,1,1,4,0,1958,1,10,2006
918,1956,1956,0,0,1,0,3,1,6,0,1956,1,4,2009
919,1991,1991,1,0,2,1,4,1,8,1,1991,3,11,2007
920,1958,2002,1,0,1,0,3,1,6,1,1990,2,5,2008
921,1994,1994,0,1,2,1,3,1,7,0,1994,2,7,2007
922,1900,2003,2,0,2,2,4,2,9,0,NA,0,9,2008
923,2005,2006,0,0,2,0,3,1,6,1,2005,2,10,2006
924,1993,1994,1,0,2,0,2,1,5,1,1993,2,7,2008
925,1980,1980,1,0,2,0,3,1,7,1,1980,2,5,2006
926,1977,1977,0,1,2,0,3,1,6,0,1977,2,3,2008
927,2003,2004,0,0,2,1,4,1,10,1,2003,3,5,2007
928,1968,1968,0,0,2,1,4,1,9,1,1968,2,4,2008
929,2001,2001,0,0,2,0,3,1,7,1,2001,2,6,2009
930,1997,1997,0,0,2,1,4,1,8,1,1997,2,11,2006
931,2007,2007,0,0,2,0,3,1,7,0,2007,3,7,2009
932,1965,1965,0,1,1,0,2,1,5,0,1965,1,7,2009
933,2006,2006,0,0,2,0,3,1,8,1,2006,3,3,2007
934,2004,2004,0,0,2,0,3,1,6,0,2004,2,8,2009
935,1960,2007,1,0,2,0,4,1,9,1,1960,2,11,2008
936,1926,1953,0,0,1,0,1,1,5,0,1953,2,6,2006
937,2003,2003,1,0,2,0,2,1,5,0,2003,2,8,2009
938,2005,2005,0,0,2,1,3,1,8,1,2005,2,2,2009
939,2006,2006,0,0,2,1,3,1,7,0,2006,3,8,2006
940,1940,1950,0,0,2,0,4,1,10,2,1940,1,6,2010
941,1976,1976,0,0,2,0,4,2,8,0,1976,2,7,2006
942,1999,1999,1,0,2,1,3,1,8,1,1999,2,6,2009
943,1977,1977,2,0,2,0,4,2,8,0,NA,0,8,2007
944,1967,1967,0,0,2,0,4,2,8,0,1967,2,6,2007
945,1958,1958,0,1,1,0,3,1,7,1,1958,2,1,2009
946,1890,1996,0,0,1,0,2,1,7,0,1963,2,9,2009
947,1959,1959,1,0,1,0,3,1,6,1,1959,1,3,2006
948,2002,2003,1,0,2,0,3,1,9,1,2002,3,11,2007
949,2002,2002,0,0,2,1,3,1,7,1,2002,2,2,2006
950,1972,2006,1,0,1,1,3,1,5,1,1972,2,3,2010
951,1950,2002,1,0,1,0,3,1,5,0,1980,2,7,2007
952,1965,1965,1,0,1,0,3,1,6,0,1979,1,7,2006
953,1972,2003,0,1,1,0,2,1,5,0,1974,1,4,2009
954,1969,1969,0,1,2,1,4,1,7,1,1969,2,9,2008
955,1975,1975,0,2,2,0,4,0,4,0,NA,0,10,2006
956,1946,1950,0,0,2,0,4,2,8,0,1946,2,8,2007
957,1980,1980,0,0,1,1,2,1,5,1,1980,2,5,2009
958,1962,1962,0,0,1,0,3,1,6,0,1977,2,4,2007
959,2003,2003,1,0,2,0,3,1,6,0,2003,2,10,2007
960,1999,1999,1,0,2,1,3,1,6,0,1999,2,5,2010
961,1958,2008,1,0,1,0,2,1,4,0,NA,0,2,2010
962,1977,1995,1,0,2,1,4,1,11,1,1977,2,7,2008
963,1976,1976,1,0,2,1,3,1,7,1,1976,2,7,2007
964,2007,2007,0,0,2,0,2,1,7,0,2007,2,5,2009
965,2002,2003,1,0,2,1,4,1,8,1,2002,2,2,2010
966,2005,2007,0,0,2,1,3,1,8,1,2005,2,7,2007
967,1940,1950,1,0,1,1,2,1,7,2,1940,1,6,2009
968,1955,1955,1,0,1,0,3,1,6,0,1955,1,7,2008
969,1910,1950,0,0,1,0,2,1,6,0,NA,0,5,2009
970,1958,1958,1,0,1,0,2,1,6,0,1958,1,3,2006
971,1949,1950,0,0,1,1,4,1,6,0,NA,0,12,2006
972,2003,2004,0,0,2,0,2,1,6,0,2003,2,7,2009
973,1979,1979,0,0,2,0,2,1,5,1,1979,1,4,2010
974,2007,2008,0,0,2,0,3,1,6,0,2007,2,12,2008
975,1910,1993,0,0,1,0,3,1,8,0,1997,2,10,2009
976,2000,2000,1,0,2,1,3,1,6,0,2000,2,4,2006
977,1923,1958,0,0,1,0,2,1,4,0,NA,0,8,2006
978,2006,2007,1,0,1,1,1,1,4,0,2007,2,11,2007
979,1954,1954,0,0,1,0,3,1,5,0,1999,2,5,2007
980,1963,1963,1,0,1,0,3,1,5,0,1963,2,6,2009
981,1961,2007,1,0,1,0,3,1,6,0,1961,2,7,2008
982,1998,1999,1,0,2,1,4,1,8,1,1998,3,7,2009
983,2007,2007,0,0,2,0,2,1,6,1,2007,2,3,2008
984,2002,2002,0,0,2,1,4,1,9,1,2002,2,5,2008
985,1977,1977,0,0,2,0,4,2,8,0,1977,2,8,2009
986,1950,1950,1,0,1,0,3,1,5,0,1950,1,8,2008
987,1910,2003,0,0,1,0,2,1,5,0,1950,1,6,2006
988,2009,2010,1,0,2,1,3,1,8,1,2010,3,4,2010
989,1976,1976,0,0,2,1,4,1,8,1,1976,2,6,2007
990,2006,2006,0,0,2,1,3,1,6,0,2006,2,8,2006
991,1997,1998,1,0,2,1,3,1,7,1,1997,3,6,2006
992,1882,1986,0,0,1,1,4,1,8,1,1925,2,11,2009
993,1964,1993,0,0,2,1,3,1,7,1,1964,2,7,2007
994,2005,2006,0,0,2,1,3,1,6,0,2005,2,8,2006
995,2006,2007,1,0,2,0,3,1,7,1,2008,3,7,2009
996,1946,1950,1,0,1,1,3,1,5,0,1946,1,8,2006
997,1961,1961,1,0,1,0,3,1,6,0,1961,1,1,2006
998,1970,1970,0,0,2,0,2,1,6,1,1970,2,2,2009
999,1922,1950,0,0,1,0,3,1,6,1,1922,1,5,2006
1000,2006,2006,1,0,2,0,2,1,6,0,2006,2,2,2010
1001,1952,1952,0,0,1,0,2,1,4,0,1956,2,7,2009
1002,1920,1950,0,0,1,0,2,1,4,0,1920,1,1,2007
1003,2006,2006,0,0,2,0,3,1,7,1,2006,3,7,2008
1004,1976,1976,0,0,2,0,4,2,8,0,1976,2,6,2007
1005,2005,2006,0,0,2,0,1,1,7,1,2005,2,5,2009
1006,1977,1977,0,0,2,0,3,1,6,0,1977,1,11,2008
1007,1970,1970,0,1,2,0,3,1,7,1,1970,2,3,2007
1008,1970,1970,0,0,1,1,3,1,6,0,1970,1,8,2009
1009,2004,2005,0,0,2,0,3,1,7,1,2004,2,4,2009
1010,1926,1950,0,0,2,0,4,1,7,0,NA,0,6,2006
1011,1948,1950,0,0,2,0,4,1,7,1,1948,1,8,2008
1012,1965,1965,0,0,2,0,4,2,8,0,NA,0,5,2010
1013,1923,1996,0,0,1,1,3,1,7,2,1923,1,8,2007
1014,1910,2006,1,0,1,0,2,1,4,0,1956,1,6,2009
1015,1948,1950,0,0,1,0,2,1,5,1,1948,1,11,2007
1016,2001,2001,1,0,2,1,3,1,6,0,2001,2,11,2009
1017,1996,1996,1,0,2,0,3,1,6,1,1996,2,6,2009
1018,1984,1984,1,0,1,0,1,1,4,1,1984,2,8,2009
1019,1991,1992,0,0,2,1,3,1,7,1,1991,2,5,2007
1020,2005,2005,0,0,2,0,2,1,6,1,2005,2,4,2006
1021,2005,2005,1,0,1,1,2,1,5,0,2005,2,6,2008
1022,2006,2006,1,0,2,0,2,1,6,0,2006,2,7,2006
1023,1930,1950,0,0,1,0,2,1,6,0,1957,1,3,2007
1024,2005,2006,0,0,2,0,2,1,7,1,2005,2,5,2008
1025,1976,1976,1,0,2,0,2,1,10,1,1976,2,5,2008
1026,1972,1972,1,0,1,0,3,1,5,0,1980,2,3,2007
1027,1960,1960,1,0,1,0,3,1,6,2,1960,2,4,2010
1028,2007,2008,1,0,2,0,3,1,7,1,2008,3,4,2008
1029,1941,1950,1,0,1,0,3,1,6,1,1941,1,4,2007
1030,1972,1972,0,1,1,1,3,1,7,0,1972,1,5,2006
1031,1916,1995,0,0,2,0,5,2,10,0,NA,0,7,2006
1032,1920,1970,1,0,2,1,5,1,12,2,1970,2,8,2009
1033,1993,1993,1,0,2,1,5,1,10,1,1993,3,11,2006
1034,2002,2002,1,0,2,0,3,1,6,0,2002,3,2,2006
1035,1938,1950,0,0,1,0,2,1,5,1,1938,1,6,2007
1036,1957,1957,0,0,1,0,3,1,5,0,1957,1,1,2009
1037,2007,2008,1,0,2,0,2,1,6,1,2008,3,9,2009
1038,2001,2002,0,0,2,1,3,1,7,1,2001,2,9,2008
1039,1970,2008,0,0,1,1,3,1,6,1,NA,0,5,2009
1040,1970,1970,1,0,1,0,1,1,3,0,1970,1,4,2009
1041,1957,2000,1,0,2,0,3,1,8,1,1957,2,1,2006
1042,1966,2000,0,1,1,1,4,1,7,0,1966,2,7,2008
1043,2005,2005,1,0,2,0,1,1,5,1,2005,2,8,2009
1044,1990,1990,1,0,2,1,4,1,10,1,1990,2,5,2008
1045,1981,1981,1,0,2,1,4,1,9,1,1981,2,7,2009
1046,1955,1955,0,0,2,0,4,1,8,1,1955,2,6,2009
1047,2005,2006,0,0,3,1,4,1,11,1,2005,3,7,2006
1048,1994,1995,0,1,1,0,3,1,5,0,1996,2,2,2008
1049,1960,2006,0,0,1,0,3,1,9,1,1960,2,11,2009
1050,1946,2006,0,0,1,0,2,1,6,0,1946,1,4,2010
1051,2007,2007,0,0,2,0,3,1,6,0,2007,2,8,2007
1052,2007,2007,0,0,2,0,3,1,6,1,2007,2,10,2007
1053,1964,1978,0,1,1,1,4,1,9,1,1964,2,6,2007
1054,1957,2002,0,0,1,0,4,1,7,1,1957,1,5,2010
1055,2002,2002,1,0,2,1,3,1,7,1,2002,2,11,2006
1056,1976,1976,0,1,2,0,3,1,7,1,1976,2,5,2008
1057,2005,2005,1,0,2,0,2,1,6,1,2005,2,6,2006
1058,1994,1994,0,0,2,1,3,1,7,1,1994,2,1,2009
1059,2008,2008,1,0,2,1,3,1,10,1,2008,3,7,2009
1060,1932,1950,0,0,1,1,3,1,7,1,1977,2,3,2007
1061,2001,2001,1,0,2,0,2,1,6,0,2001,2,4,2010
1062,1935,1950,0,0,1,0,2,1,6,0,1994,3,8,2008
1063,1900,1950,0,0,2,0,5,2,10,0,1945,2,9,2007
1064,1925,1980,0,0,1,0,2,1,5,1,1976,2,7,2006
1065,1966,1966,0,0,1,1,3,1,6,1,1966,2,11,2009
1066,1996,1997,1,0,2,1,3,1,7,0,1996,2,4,2010
1067,1993,1994,0,0,2,1,3,1,7,1,1993,2,5,2009
1068,1964,1964,1,0,1,1,4,1,7,0,1964,2,6,2008
1069,1973,1973,1,0,2,1,5,1,10,1,1973,2,6,2006
1070,1949,2003,0,1,1,0,2,1,4,0,1985,2,5,2007
1071,1956,1956,1,0,1,0,3,1,6,0,1956,1,6,2007
1072,1968,1968,0,0,1,1,4,1,8,0,1968,2,5,2009
1073,1948,1950,1,1,1,0,4,1,7,1,1954,1,8,2006
1074,1977,1977,0,0,1,1,3,1,6,0,1977,2,7,2009
1075,2006,2006,0,0,2,0,2,1,5,0,2006,3,5,2007
1076,1940,1984,0,0,1,1,3,1,6,2,1940,1,7,2007
1077,1936,1989,0,1,2,0,3,1,7,1,1950,2,4,2006
1078,1969,1969,1,0,1,0,3,1,6,0,1969,1,3,2006
1079,2004,2004,1,0,1,0,1,1,3,1,2004,2,5,2006
1080,1994,1994,0,0,1,0,3,1,5,0,1996,1,4,2007
1081,1971,2004,0,1,2,0,3,1,5,0,1971,2,10,2008
1082,1963,1963,1,0,1,1,3,1,5,0,1963,1,6,2010
1083,2002,2002,0,0,2,0,3,1,6,1,2002,2,9,2007
1084,1964,1964,1,0,1,0,3,1,6,2,1964,1,3,2006
1085,1995,1996,0,0,2,1,3,1,6,1,1995,2,7,2006
1086,1992,1992,1,0,1,0,2,1,5,0,1992,2,4,2010
1087,1973,1973,0,0,1,1,3,1,6,0,1973,1,5,2010
1088,2005,2006,0,0,2,1,3,1,9,1,2005,3,5,2009
1089,2004,2004,0,0,2,0,3,1,7,0,2004,2,4,2006
1090,2005,2005,1,0,1,1,1,1,4,1,2005,2,4,2006
1091,1950,1950,0,0,2,0,2,2,6,0,1987,2,6,2009
1092,1999,2000,1,0,2,1,2,1,4,0,1999,2,3,2008
1093,1925,1950,0,0,2,0,4,1,7,1,1925,2,6,2008
1094,1965,1998,1,0,1,1,1,1,6,0,1977,2,10,2006
1095,1956,2000,1,0,1,0,2,1,4,0,1956,1,5,2010
1096,2006,2006,0,0,2,0,3,1,6,1,2006,2,3,2007
1097,1914,2006,0,0,1,1,3,1,7,0,NA,0,3,2007
1098,1986,1986,0,0,1,1,2,1,5,0,1987,2,10,2007
1099,1936,1950,0,0,1,0,3,1,6,0,1936,1,7,2009
1100,1978,1978,0,0,2,0,3,1,7,1,1978,2,4,2009
1101,1920,1950,0,0,1,0,1,1,3,0,1930,1,1,2009
1102,1971,1971,0,0,1,0,3,1,5,0,1981,1,7,2007
1103,1960,2002,0,0,1,0,2,1,6,0,1960,1,4,2007
1104,1959,1959,0,1,1,0,3,1,6,1,1954,2,7,2006
1105,1970,1970,0,0,2,1,3,1,6,0,1970,2,4,2007
1106,1994,1995,1,0,2,1,3,1,9,2,1994,2,4,2010
1107,1990,1991,1,0,2,0,3,1,6,1,1990,2,5,2007
1108,2006,2006,0,0,2,1,3,1,9,1,2006,2,9,2006
1109,2000,2000,0,0,2,1,3,1,7,1,2000,2,11,2007
1110,2004,2005,1,0,2,0,3,1,7,1,2004,3,3,2009
1111,1995,1996,1,0,2,1,3,1,8,1,1995,2,6,2008
1112,1976,1976,0,0,2,1,4,1,8,1,1976,2,9,2008
1113,1957,1957,1,0,1,0,2,1,5,0,1957,1,7,2006
1114,1953,2006,1,0,1,0,2,1,6,0,1953,1,5,2007
1115,1954,2000,0,0,1,0,2,1,4,0,1955,1,8,2006
1116,2007,2007,1,0,2,0,3,1,7,1,2007,3,11,2007
1117,2002,2002,1,0,2,1,3,1,7,1,2002,2,3,2009
1118,1967,2003,1,0,1,0,3,1,5,0,1967,2,5,2008
1119,1958,1987,0,1,1,0,3,1,6,0,1958,1,12,2008
1120,1959,1959,0,0,1,0,3,1,6,0,1959,1,7,2006
1121,1920,1950,0,0,1,0,2,1,6,1,1920,1,5,2007
1122,2005,2006,0,0,2,0,3,1,7,0,2005,3,7,2006
1123,1956,1956,0,0,1,0,3,1,5,0,1956,1,10,2009
1124,1947,2008,0,1,1,0,2,1,4,0,NA,0,6,2009
1125,1992,1992,0,0,2,1,3,1,7,1,1992,2,7,2007
1126,1955,1955,0,0,1,0,2,1,5,1,1977,2,11,2009
1127,2007,2007,0,0,2,0,2,1,7,1,2007,3,6,2009
1128,2004,2004,1,0,2,0,3,1,7,1,2004,3,11,2007
1129,2004,2005,0,0,2,1,4,1,8,1,2004,2,7,2007
1130,1980,1980,1,0,1,0,2,1,4,0,1980,2,8,2007
1131,1928,1950,1,0,2,0,4,1,7,2,1981,2,12,2009
1132,1991,1992,0,0,1,0,3,1,5,0,NA,0,9,2007
1133,1880,1950,0,0,2,0,5,1,8,0,1930,1,5,2007
1134,1995,1995,0,0,2,1,3,1,8,1,1995,2,6,2009
1135,1997,1997,0,0,2,1,3,1,7,1,1997,2,8,2007
1136,1926,1950,0,0,1,0,2,1,5,1,1926,1,5,2007
1137,1950,1950,0,0,1,0,3,1,6,0,1950,1,4,2008
1138,1875,1996,0,0,1,0,2,1,6,0,NA,0,5,2010
1139,1977,1977,1,0,2,0,2,1,5,2,1977,2,5,2009
1140,1920,1950,0,0,1,0,3,1,6,1,1972,2,5,2007
1141,1951,1951,1,0,1,0,2,1,4,0,1988,2,6,2008
1142,1976,1976,1,0,2,1,4,1,9,1,1976,2,10,2009
1143,2006,2007,1,0,3,0,4,1,11,1,2006,3,4,2007
1144,1959,1959,0,0,1,0,3,1,5,0,NA,0,7,2008
1145,1941,1950,1,0,1,0,2,1,5,0,1941,1,7,2010
1146,1928,1950,0,0,1,0,3,1,8,1,1928,1,8,2006
1147,1985,1985,1,0,2,0,3,1,5,1,1985,2,5,2006
1148,1941,1950,0,0,1,1,3,1,7,1,1941,1,7,2009
1149,1926,1950,0,0,1,0,2,1,5,1,1982,1,8,2008
1150,1920,1988,0,1,1,0,3,1,7,0,1930,2,7,2009
1151,1950,1950,0,0,1,0,2,1,4,1,1950,1,11,2007
1152,1959,1959,0,0,1,1,3,1,6,2,1959,2,11,2006
1153,1956,2004,0,0,1,0,2,1,6,1,1956,2,7,2006
1154,1930,2007,0,0,1,0,2,1,5,0,2002,1,6,2008
1155,1965,1988,0,0,1,2,4,1,8,2,1965,2,5,2008
1156,1976,2004,1,0,2,0,3,1,6,1,1976,2,7,2007
1157,1965,1999,0,1,2,0,3,1,6,1,1965,2,10,2008
1158,2007,2008,1,0,2,0,2,1,6,1,2008,2,7,2009
1159,2007,2008,0,0,2,0,3,1,7,0,2008,3,6,2008
1160,1974,1974,0,0,2,1,4,1,8,1,1974,2,7,2008
1161,1978,1978,0,0,2,1,3,1,7,1,1978,2,7,2010
1162,1954,2006,1,0,1,0,3,1,7,1,1993,2,11,2008
1163,1968,1968,0,0,1,0,3,1,5,1,1968,2,5,2007
1164,1969,1969,2,0,0,2,0,2,6,0,1969,2,1,2008
1165,1978,1978,1,0,1,1,2,1,5,1,1978,2,6,2007
1166,2009,2009,0,0,2,0,3,1,7,0,2009,2,9,2009
1167,2008,2008,0,0,2,0,3,1,7,0,2008,3,2,2010
1168,2000,2000,1,0,2,1,3,1,7,1,2000,2,2,2006
1169,1935,1986,0,0,2,0,4,1,7,2,1935,2,7,2008
1170,1995,1996,1,0,3,1,4,1,10,1,1995,3,7,2006
1171,1977,1977,1,0,1,0,3,1,6,1,1977,1,7,2008
1172,1958,1958,1,0,1,0,3,1,6,1,1958,2,11,2008
1173,2006,2007,0,0,2,1,2,1,5,0,2006,2,3,2008
1174,1946,1994,0,0,3,0,3,1,12,1,NA,0,3,2007
1175,1932,1950,0,0,2,1,4,1,9,1,1932,2,7,2006
1176,1992,2000,0,0,2,1,4,1,9,1,1992,2,4,2007
1177,1984,1985,1,0,1,0,3,1,5,0,1984,1,10,2008
1178,1926,2004,0,0,1,0,3,1,5,0,1926,1,12,2009
1179,1921,1950,0,0,1,1,3,1,7,1,1921,1,7,2009
1180,1954,1954,0,0,1,0,3,1,5,1,NA,0,4,2006
1181,1990,1991,0,0,2,1,4,1,8,0,1990,2,4,2006
1182,2008,2008,1,1,2,0,2,1,5,1,2008,2,11,2008
1183,1996,1996,1,0,3,1,4,1,10,2,1996,3,7,2007
1184,1920,1950,1,0,1,0,2,1,5,1,1970,2,6,2006
1185,1963,1963,1,0,1,1,3,1,5,2,1963,3,5,2007
1186,1924,1950,1,0,1,0,4,1,7,0,1965,1,3,2006
1187,1900,1970,1,0,2,0,3,2,7,0,1920,2,8,2009
1188,1994,1995,1,0,2,0,2,1,5,1,1994,3,7,2006
1189,2002,2002,0,0,2,1,3,1,7,0,2002,2,7,2009
1190,1999,1999,0,0,2,1,3,1,7,1,1999,2,6,2010
1191,1961,1975,1,0,1,0,3,1,7,1,1975,4,3,2007
1192,1999,2000,0,0,2,1,2,1,5,0,1999,2,11,2007
1193,1925,1994,0,0,1,0,3,1,6,0,1925,1,7,2007
1194,1999,1999,1,0,2,0,2,1,5,0,1999,2,6,2009
1195,1969,1969,0,0,1,1,4,1,7,0,1969,1,3,2010
1196,2005,2005,0,0,2,1,3,1,8,0,2005,2,7,2008
1197,2006,2006,0,0,2,1,4,1,9,1,2006,3,11,2006
1198,1916,1950,0,0,1,0,3,1,7,1,1916,1,7,2006
1199,2001,2001,0,0,2,0,3,1,6,0,2001,2,6,2009
1200,1963,1979,0,0,1,1,3,1,6,1,1974,2,10,2006
1201,1970,1970,0,0,1,0,3,1,5,0,1972,1,7,2006
1202,1998,1998,0,0,2,1,3,1,6,0,1998,2,3,2009
1203,1925,1997,1,0,1,0,3,1,5,1,1960,1,5,2009
1204,2000,2001,0,0,2,0,3,1,6,1,2000,2,10,2009
1205,1975,1975,1,0,1,1,3,1,6,0,1975,2,7,2006
1206,1990,1991,0,0,2,0,3,1,7,1,1990,3,6,2009
1207,1966,1966,1,0,1,0,2,1,5,0,1966,1,11,2006
1208,2003,2003,1,0,2,0,3,1,7,0,2003,2,5,2006
1209,1962,1980,1,0,1,0,3,1,6,0,1980,2,10,2008
1210,2006,2006,1,0,2,0,3,1,8,1,2006,2,5,2006
1211,1992,1992,0,0,2,1,3,1,8,1,1992,2,5,2010
1212,1988,2005,0,0,2,0,4,1,8,0,1988,2,6,2010
1213,1941,1950,1,0,1,0,2,1,4,0,1941,1,8,2009
1214,1965,2001,1,1,0,0,0,1,3,0,1965,1,5,2006
1215,1962,1962,1,0,1,0,3,1,6,0,1962,1,5,2006
1216,1966,1966,0,0,1,0,3,1,5,0,1966,1,5,2007
1217,1978,1978,0,0,2,0,4,2,8,0,1978,2,4,2010
1218,2009,2009,1,0,2,0,3,1,6,0,2009,2,9,2009
1219,1947,1950,0,0,1,0,2,1,3,0,NA,0,7,2006
1220,1971,1971,0,0,1,1,3,1,7,0,NA,0,4,2006
1221,1964,1964,0,0,1,0,2,1,5,0,1964,1,11,2006
1222,1968,1968,0,0,1,0,3,1,5,1,1968,1,8,2008
1223,1949,1950,0,0,2,0,3,1,7,1,1949,1,1,2007
1224,1951,1951,0,0,2,0,4,1,7,0,1951,2,10,2006
1225,2004,2005,1,0,2,1,3,1,8,1,2004,2,2,2008
1226,1958,1958,0,1,1,0,3,1,6,0,1958,1,6,2007
1227,2007,2007,0,0,2,1,4,1,9,1,2007,3,1,2008
1228,1965,2008,1,0,1,0,2,1,5,0,1992,2,12,2008
1229,2008,2008,1,0,1,1,1,1,7,1,2008,3,10,2008
1230,1960,1960,0,0,2,0,4,1,7,0,1960,1,8,2008
1231,1977,1977,0,0,2,2,4,2,12,1,1977,2,8,2007
1232,1962,1962,1,0,1,0,3,1,6,0,1962,2,5,2006
1233,1962,1962,0,0,2,0,2,2,6,0,1962,2,3,2007
1234,1959,1959,1,0,1,0,3,1,6,0,1959,2,5,2010
1235,1911,1950,0,0,1,1,4,1,7,0,NA,0,11,2008
1236,1914,1950,0,0,1,1,4,1,9,0,1914,1,7,2006
1237,2003,2003,0,0,2,1,2,1,6,0,2003,2,6,2010
1238,2004,2005,0,0,2,1,4,1,8,1,2004,2,9,2006
1239,2005,2005,0,0,1,1,3,1,6,0,2005,2,3,2006
1240,2006,2006,0,0,2,0,2,1,6,1,2006,2,12,2007
1241,2003,2003,1,0,2,1,3,1,8,0,2003,2,7,2008
1242,2007,2007,0,0,2,0,3,1,7,0,2007,3,6,2007
1243,1974,1974,1,0,2,0,3,1,6,2,1974,2,1,2010
1244,2006,2006,1,0,2,1,2,1,7,1,2006,3,9,2006
1245,1929,1950,0,0,1,0,3,1,7,2,1931,2,6,2006
1246,1984,2003,0,0,3,1,3,1,7,1,1984,2,1,2007
1247,2005,2006,0,0,2,1,3,1,6,0,2005,2,3,2006
1248,1976,1976,1,0,1,0,3,1,6,0,1976,3,5,2010
1249,1917,1950,0,0,1,1,3,1,8,1,1950,2,4,2008
1250,1950,1950,0,0,1,0,3,1,6,0,1950,1,5,2007
1251,1968,1968,1,0,2,1,3,1,8,2,1968,2,4,2010
1252,2003,2003,0,0,2,0,2,1,6,1,2003,2,3,2006
1253,1968,1968,1,0,1,0,3,1,5,0,1968,1,11,2009
1254,1974,2003,1,0,2,1,3,1,9,2,1974,2,7,2007
1255,2003,2004,0,0,2,1,3,1,7,1,2003,2,7,2008
1256,1931,1950,0,0,1,0,3,1,6,1,1978,1,11,2007
1257,1994,1994,1,0,2,0,2,1,7,1,1994,2,8,2008
1258,1922,1950,0,0,1,0,2,1,4,0,NA,0,7,2009
1259,2005,2005,1,0,2,0,2,1,5,0,2005,2,7,2008
1260,1969,1969,1,0,1,1,3,1,6,0,1969,2,7,2008
1261,1999,1999,0,0,2,1,3,1,7,1,1999,2,6,2009
1262,1956,1956,0,0,1,0,2,1,5,0,1956,1,6,2009
1263,1957,1989,1,0,1,0,5,1,8,2,1957,1,11,2009
1264,1919,1950,0,0,1,0,3,1,8,1,1940,2,7,2007
1265,1998,1999,1,0,2,0,2,1,5,0,1998,2,8,2008
1266,1999,1999,1,0,2,1,3,1,6,0,1999,2,3,2006
1267,1910,1950,0,0,1,1,4,2,9,1,1960,1,1,2007
1268,2008,2009,0,0,2,0,3,1,10,1,2009,3,5,2010
1269,1935,1997,0,0,3,1,4,1,11,2,1982,3,5,2008
1270,1958,1958,0,0,1,1,3,1,7,0,1958,1,7,2007
1271,1979,1979,2,0,0,1,0,1,4,1,1979,2,4,2010
1272,1968,1968,0,0,2,0,3,1,7,1,1968,2,8,2009
1273,1965,1965,1,0,1,0,3,1,5,0,1965,1,11,2006
1274,1959,2006,1,0,1,0,2,1,5,1,1959,1,5,2008
1275,1910,2003,0,0,2,0,3,1,8,1,1985,2,11,2007
1276,1948,1950,0,0,2,0,4,2,10,0,1948,2,7,2007
1277,1972,1972,0,1,1,1,3,1,6,1,1972,2,12,2009
1278,1967,1976,1,0,1,1,3,1,7,1,1967,2,6,2009
1279,2002,2002,1,0,2,1,3,1,7,1,2002,2,3,2008
1280,1920,1950,0,0,1,0,2,1,6,0,1980,2,4,2010
1281,2002,2002,1,0,2,0,3,1,6,0,2002,2,3,2009
1282,1990,1990,1,0,2,0,2,1,6,1,1990,2,7,2006
1283,1977,2008,0,0,2,0,3,1,5,0,1977,2,9,2009
1284,1971,1971,0,0,2,2,4,2,8,0,NA,0,4,2010
1285,1919,1990,0,0,2,0,4,1,10,1,1969,1,3,2010
1286,1939,1950,0,0,1,0,4,1,6,1,1939,1,5,2009
1287,1963,1963,1,0,1,1,3,1,6,2,1963,2,6,2010
1288,1964,1964,0,1,2,0,4,1,7,0,1964,2,6,2006
1289,2000,2000,1,0,2,0,2,1,5,1,2000,2,10,2009
1290,2006,2006,0,0,2,1,3,1,8,1,2006,3,10,2006
1291,1964,1964,1,0,1,0,3,1,6,1,1964,2,4,2010
1292,1972,1972,0,0,2,1,3,1,6,0,1972,1,2,2009
1293,1892,1965,0,0,2,0,4,2,11,0,1985,1,12,2009
1294,1976,1976,0,0,2,1,4,1,8,1,1976,2,3,2006
1295,1955,1990,1,0,1,0,2,1,5,0,1957,2,4,2006
1296,1968,1968,1,0,1,1,3,1,5,0,1968,1,11,2006
1297,1963,1963,1,0,2,0,3,1,6,0,1963,2,12,2008
1298,2005,2006,1,0,2,0,2,1,5,0,2005,2,6,2006
1299,2008,2008,2,0,2,1,3,1,12,3,2008,2,1,2008
1300,1959,1994,1,0,1,1,3,1,6,0,1959,1,5,2010
1301,1999,1999,0,0,2,1,3,1,9,1,1999,2,5,2009
1302,1942,1950,0,0,1,0,3,1,7,2,1942,1,11,2009
1303,1994,1994,1,0,2,1,4,1,8,1,1994,3,12,2006
1304,2005,2005,0,0,2,0,3,1,7,0,2005,3,4,2006
1305,2004,2004,0,0,2,0,3,1,7,0,2004,2,4,2006
1306,2006,2007,1,0,2,0,2,1,6,2,2006,2,11,2009
1307,2005,2006,0,0,2,0,2,1,6,1,2005,2,9,2006
1308,1994,1995,1,0,1,0,3,1,5,0,2000,2,5,2009
1309,1948,2005,1,0,1,0,2,1,6,0,1948,2,5,2008
1310,1991,1991,1,0,2,0,3,1,6,0,1991,2,6,2008
1311,1959,2002,1,0,2,0,3,1,7,2,1959,2,5,2010
1312,2005,2007,1,0,2,0,3,1,6,0,2005,2,1,2007
1313,1990,1990,0,0,2,1,4,1,9,1,1990,2,6,2007
1314,1999,1999,0,0,2,1,4,1,10,1,1999,3,5,2010
1315,1954,1954,1,0,1,0,3,1,5,1,1956,1,10,2007
1316,1969,1969,0,0,2,1,4,1,9,2,1969,2,6,2008
1317,2008,2008,1,0,2,0,3,1,8,1,2008,3,1,2009
1318,2006,2007,0,0,2,0,2,1,5,1,2006,2,4,2007
1319,2001,2002,0,0,2,0,3,1,7,1,2001,3,8,2006
1320,1954,1954,0,0,1,0,3,1,5,0,1954,1,2,2007
1321,1957,1957,1,0,1,1,3,1,6,2,1957,2,6,2009
1322,1949,1950,0,0,1,0,2,1,4,0,1955,1,7,2008
1323,1992,1992,1,0,2,1,3,1,8,1,1992,2,6,2010
1324,1940,1950,0,0,1,0,2,1,5,0,NA,0,12,2009
1325,2006,2007,0,0,2,0,2,1,7,1,2007,3,2,2007
1326,1922,1950,0,0,1,0,2,1,5,0,NA,0,1,2008
1327,1931,2006,0,0,1,0,3,1,6,0,NA,0,5,2007
1328,1982,2008,0,1,1,0,3,1,5,1,1982,1,10,2008
1329,1920,1950,0,0,2,0,5,1,8,2,1920,2,6,2008
1330,1998,1998,0,0,2,1,3,1,8,1,1998,2,6,2006
1331,2006,2006,0,0,2,0,3,1,7,1,2006,3,12,2007
1332,1976,1976,0,0,1,0,3,1,6,0,1976,2,7,2006
1333,1938,1958,1,0,1,0,2,1,3,1,1958,1,5,2009
1334,1938,1995,0,0,1,1,2,1,6,0,1951,1,7,2006
1335,1970,1970,0,0,1,1,3,1,7,0,1970,2,5,2009
1336,1977,1977,0,1,2,0,2,1,6,1,1977,2,4,2009
1337,1973,1973,0,0,2,0,4,2,8,0,1973,2,11,2008
1338,1941,1950,0,0,1,0,2,1,4,0,NA,0,3,2006
1339,2002,2002,1,0,2,1,3,1,8,0,2002,2,6,2006
1340,1972,1972,0,0,1,0,3,1,5,0,1972,1,6,2006
1341,1971,1971,0,0,1,0,3,1,5,0,1974,4,6,2007
1342,2003,2004,1,0,1,0,3,1,6,0,2004,2,7,2008
1343,2002,2002,0,0,2,1,3,1,7,1,2002,2,8,2007
1344,1928,1950,0,0,1,1,3,1,9,1,1929,2,3,2009
1345,2006,2006,0,0,2,1,3,1,8,1,2006,2,7,2007
1346,1920,1950,0,0,1,0,2,1,5,0,1997,1,7,2007
1347,1968,2003,0,0,2,0,3,1,9,1,1968,2,6,2006
1348,2006,2007,1,0,2,0,3,1,7,1,2006,3,5,2007
1349,1998,1998,1,0,2,0,3,1,5,1,1998,2,8,2007
1350,1872,1987,0,0,2,0,4,1,8,0,NA,0,12,2008
1351,1969,1969,1,1,2,2,6,2,12,0,1969,4,8,2009
1352,1962,1962,0,0,1,1,4,1,8,1,1962,2,3,2008
1353,1937,2000,0,0,1,0,2,1,4,0,1999,2,7,2009
1354,1995,1996,1,0,2,1,4,1,9,1,1996,3,3,2010
1355,2000,2000,1,0,2,1,3,1,7,1,2000,3,6,2008
1356,1968,1992,0,0,3,0,4,1,8,1,1968,2,9,2006
1357,1966,1966,0,0,1,0,3,1,5,0,1966,1,10,2008
1358,1971,2008,1,0,1,1,3,1,6,1,1971,2,4,2010
1359,2000,2000,0,0,2,1,3,1,5,0,2000,2,6,2010
1360,2004,2005,1,0,2,0,3,1,8,1,2004,3,9,2006
1361,1921,1998,0,0,3,1,4,1,8,0,1998,2,5,2008
1362,2005,2005,1,0,2,0,3,1,7,1,2005,2,6,2009
1363,1920,2007,0,0,2,0,4,1,7,1,1920,1,6,2009
1364,2006,2007,0,0,2,1,3,1,6,1,2007,2,3,2007
1365,2005,2005,0,0,2,1,2,1,4,0,2005,2,4,2006
1366,2000,2000,1,0,2,1,3,1,7,0,2000,2,1,2010
1367,1999,1999,1,0,2,1,3,1,7,0,1999,2,6,2008
1368,1977,1977,0,0,2,0,4,1,6,1,1977,1,7,2006
1369,2003,2004,1,0,1,0,1,1,4,0,2003,2,6,2009
1370,2003,2003,1,0,2,0,3,1,8,1,2003,2,5,2010
1371,1920,1950,0,0,1,0,2,1,6,0,1967,1,10,2009
1372,1955,1996,1,0,1,0,3,1,8,1,1955,1,10,2008
1373,1998,1998,1,0,2,1,3,1,8,1,1998,2,6,2006
1374,2001,2002,1,0,2,1,2,1,8,2,2001,3,3,2007
1375,2005,2005,0,0,2,1,3,1,9,1,2005,3,7,2008
1376,2007,2007,0,0,2,0,3,1,7,1,2007,3,12,2007
1377,1930,1950,0,0,1,0,2,1,4,0,1925,1,4,2008
1378,1941,1960,0,0,2,0,3,1,6,0,1977,2,7,2009
1379,1973,1973,0,0,1,1,2,1,5,0,1973,1,6,2006
1380,2006,2007,0,0,2,1,3,1,7,0,2007,2,5,2008
1381,1914,1950,1,0,1,0,2,1,5,0,1938,1,6,2010
1382,1970,1970,0,0,2,1,4,1,7,2,1970,2,5,2008
1383,1920,1950,1,0,1,1,4,1,8,0,1989,2,10,2006
1384,1918,2007,0,0,2,0,3,1,7,0,2007,2,8,2007
1385,1939,1950,0,0,1,0,2,1,6,0,1939,1,10,2009
1386,1922,2007,1,0,1,0,3,1,7,0,1922,1,5,2010
1387,1978,1978,1,0,3,1,5,1,12,2,1978,2,7,2006
1388,1916,1950,0,0,2,0,5,1,10,1,1916,1,8,2007
1389,2006,2007,1,0,2,0,3,1,7,2,2006,3,10,2009
1390,1941,1950,0,1,1,0,3,1,6,1,2003,2,3,2007
1391,2000,2000,1,0,2,0,3,1,6,0,2000,2,9,2006
1392,1967,1967,0,0,2,0,4,2,8,0,1967,3,4,2009
1393,1967,1967,1,0,1,0,3,1,6,1,1967,1,12,2006
1394,1905,2000,0,0,2,0,3,2,7,1,2003,2,4,2008
1395,2006,2006,1,0,2,0,2,1,6,1,2006,3,10,2006
1396,2005,2006,0,0,2,1,4,1,9,1,2005,3,2,2007
1397,1948,1950,1,0,1,0,3,1,7,2,1966,2,6,2010
1398,1920,2004,0,0,1,1,4,1,8,0,1933,1,5,2007
1399,1950,1982,1,0,1,1,3,1,7,0,1950,1,5,2009
1400,1925,1990,0,0,2,1,3,1,7,1,1925,1,10,2009
1401,1929,1950,0,0,1,0,3,1,5,1,1929,1,7,2008
1402,2004,2004,1,0,2,1,3,1,8,1,2004,2,4,2008
1403,2006,2006,0,0,2,0,2,1,6,1,2006,2,7,2006
1404,2007,2007,1,0,2,0,3,1,6,0,2007,3,8,2007
1405,1915,1950,0,0,1,0,3,1,6,0,1998,3,1,2006
1406,2004,2005,1,1,2,0,2,1,5,1,2004,2,1,2008
1407,1972,2007,1,0,1,0,2,1,5,0,1988,2,3,2009
1408,1985,1985,1,0,1,0,3,1,5,0,NA,0,3,2009
1409,1910,1950,0,0,1,0,3,1,6,0,1966,2,6,2010
1410,1986,1991,0,0,2,1,3,1,7,1,1986,2,11,2008
1411,2001,2001,1,0,2,1,3,1,6,0,2001,2,6,2009
1412,1950,2005,0,0,1,1,3,1,6,0,1950,1,9,2009
1413,1949,1950,0,0,2,0,2,2,6,0,1956,2,6,2009
1414,2005,2006,1,0,2,0,2,1,7,1,2005,2,9,2009
1415,1923,2000,0,0,1,1,4,1,8,1,1922,2,6,2008
1416,2007,2007,0,1,2,0,1,1,7,1,2007,3,5,2009
1417,1885,1950,0,0,2,0,4,2,11,0,1971,2,4,2010
1418,1998,1998,1,0,2,1,3,1,7,1,1998,3,5,2009
1419,1963,1963,1,0,1,1,3,1,6,0,1962,1,8,2008
1420,1969,1969,1,0,2,0,3,1,7,1,1969,2,12,2006
1421,1968,1968,0,0,2,1,3,1,7,1,1968,2,5,2006
1422,1977,1977,0,0,2,0,2,1,4,1,1977,2,7,2010
1423,2003,2003,1,0,1,0,1,1,3,0,2003,2,3,2008
1424,1966,1966,0,0,2,0,4,1,8,1,1966,2,8,2006
1425,1958,1983,1,0,1,0,2,1,6,1,1970,1,6,2007
1426,1959,1959,0,0,1,0,3,1,7,0,1960,2,10,2008
1427,1994,1994,1,0,2,1,3,1,5,2,1994,2,8,2008
1428,1945,1950,1,0,1,1,3,1,6,1,1962,1,4,2008
1429,1940,1992,1,0,1,0,2,1,4,2,1940,1,2,2010
1430,1981,1981,0,0,2,0,3,1,7,1,1981,2,4,2007
1431,2005,2005,0,0,2,1,4,1,7,1,2005,2,7,2006
1432,1976,1976,0,0,2,0,2,1,5,0,1976,2,10,2009
1433,1927,2007,0,0,2,0,4,1,5,0,1928,1,8,2007
1434,2000,2000,1,0,2,1,3,1,8,1,2000,2,5,2008
1435,1977,1977,1,0,2,0,3,1,5,1,1977,2,5,2006
1436,1962,2005,1,0,1,1,3,1,7,1,1962,2,7,2008
1437,1971,1971,0,0,1,0,3,1,5,0,1974,2,5,2007
1438,2008,2008,1,0,2,0,2,1,7,1,2008,3,11,2008
1439,1957,1996,1,0,1,0,2,1,6,0,1957,2,4,2010
1440,1979,1979,0,0,2,1,3,1,6,1,1979,2,11,2007
1441,1922,1994,0,0,2,0,3,1,11,1,1993,2,9,2008
1442,2004,2004,1,0,1,0,1,1,3,1,2004,2,5,2008
1443,2008,2008,1,0,2,1,3,1,10,1,2008,3,4,2009
1444,1916,1950,0,0,1,0,2,1,4,1,1916,1,5,2009
1445,2004,2004,0,0,2,0,3,1,7,0,2004,2,11,2007
1446,1966,1966,1,0,1,0,3,1,6,0,1990,1,5,2007
1447,1962,1962,0,0,1,0,3,1,6,0,1962,1,4,2010
1448,1995,1996,1,0,2,1,3,1,8,1,1995,2,12,2007
1449,1910,2000,0,0,1,1,2,1,6,0,1950,1,5,2007
1450,1970,1970,1,0,1,0,1,1,3,0,NA,0,8,2006
1451,1974,1974,0,0,2,2,4,2,8,0,NA,0,9,2009
1452,2008,2009,0,0,2,0,3,1,7,1,2008,3,5,2009
1453,2005,2005,1,0,1,0,2,1,5,0,2005,2,5,2006
1454,2006,2006,0,0,1,0,3,1,6,0,NA,0,7,2006
1455,2004,2005,1,0,2,0,2,1,6,0,2004,2,10,2009
1456,1999,2000,0,0,2,1,3,1,7,1,1999,2,8,2007
1457,1978,1988,1,0,2,0,3,1,7,2,1978,2,2,2010
1458,1941,2006,0,0,2,0,4,1,9,2,1941,1,5,2010
1459,1950,1996,1,0,1,0,2,1,5,0,1950,1,4,2010
1460,1965,1965,1,0,1,1,3,1,6,0,1965,1,6,2008